orbit_id,start_n,odd_step_index,is_terminal,n,A,B,C,D,a11,a13,a31,a33,n_mod_3,n_mod_4,n_mod_8,n_mod_16,n_mod_32,n_mod_64,actual_mode,actual_next,actual_direction,missing_down_count,missing_up_count,best_hidden_value,best_hidden_mode,reset_value,sheet_alternative,actual_sheet,alternate_sheet,reset_ratio_num,reset_ratio_den,delta_reset_log2,hidden_ratio_num,hidden_ratio_den,delta_hidden_log2,cum_reset_deficit_before,cum_reset_deficit_after,cum_hidden_deficit_before,cum_hidden_deficit_after,height_g,epsilon,eta,cum_height_g
NAMED_27,27,0,0,27,7,15,41,21,2,1,1,2,0,3,3,11,27,27,"(3,1)",41,UP,3,0,7,A,7,21,NON3,MULT3,41,7,2.5501970825604796,41,7,2.5501970825604796,0.0,2.5501970825604796,0.0,2.5501970825604796,0.6026645024546153,-0.5849625007211561,0.017702001733459045,0.6026645024546153
NAMED_27,27,1,0,41,21,11,31,63,1,2,2,1,2,1,1,9,9,41,"(3,1)",31,FOLD,2,1,11,B,21,63,NON3,MULT3,31,21,0.5618788876081142,31,11,1.4947646917495776,2.5501970825604796,3.112075970168594,2.5501970825604796,4.044961774310057,-0.40335569423120843,0.4150374992788439,0.011681805047635238,0.1993088082234069
NAMED_27,27,2,0,31,1,17,47,3,5,1,1,5,1,3,7,15,31,31,"(3,1)",47,UP,3,0,1,A,1,3,NON3,MULT3,47,1,5.554588851677638,47,1,5.554588851677638,3.112075970168594,8.666664821846231,4.044961774310057,9.599550625987694,0.6003925412907622,-0.5849625007211561,0.015430040569605969,0.7997013495141692
NAMED_27,27,3,0,47,3,25,71,9,4,1,1,4,2,3,7,15,15,47,"(3,1)",71,UP,3,0,3,A,3,9,NON3,MULT3,71,3,4.564784618783526,71,3,4.564784618783526,8.666664821846231,13.231449440629756,9.599550625987694,14.16433524477122,0.5951582678270448,-0.5849625007211561,0.010195767105888364,1.394859617341214
NAMED_27,27,4,0,71,9,37,107,27,3,1,1,3,2,3,7,7,7,7,"(3,1)",107,UP,3,0,9,A,9,27,NON3,MULT3,107,9,3.5715419849588352,107,9,3.5715419849588352,13.231449440629756,16.80299142558859,14.16433524477122,17.735877229730054,0.5917198668964649,-0.5849625007211561,0.006757366175308802,1.986579484237679
NAMED_27,27,5,0,107,27,55,161,81,2,1,1,2,2,3,3,11,11,43,"(3,1)",161,UP,3,0,27,A,27,81,NON3,MULT3,161,27,2.5760293759511486,161,27,2.5760293759511486,16.80299142558859,19.37902080153974,17.735877229730054,20.3119066056812,0.5894498917134701,-0.5849625007211561,0.004487390992313691,2.576029375951149
NAMED_27,27,6,0,161,81,41,121,243,1,2,2,1,2,1,1,1,1,33,"(3,1)",121,FOLD,2,1,41,B,81,243,NON3,MULT3,121,81,0.5790132343899703,121,41,1.5613112326565108,19.37902080153974,19.958034035929707,20.3119066056812,21.873217838337712,-0.4120536408400226,0.4150374992788439,0.00298385843882141,2.1639757351111264
NAMED_27,27,7,0,121,61,31,91,183,1,2,2,1,1,1,1,9,25,57,"(3,1)",91,FOLD,2,1,31,B,61,183,NON3,MULT3,91,61,0.5770573026358097,91,31,1.5535983298118214,19.958034035929707,20.535091338565515,21.873217838337712,23.426816168149536,-0.41106859707589805,0.4150374992788439,0.0039689022029454546,1.7529071380352284
NAMED_27,27,8,0,91,23,47,137,69,2,1,1,2,1,3,3,11,27,27,"(3,1)",137,UP,3,0,23,A,23,69,NON3,MULT3,137,23,2.5744701269035133,137,23,2.5744701269035133,20.535091338565515,23.109561465469028,23.426816168149536,26.00128629505305,0.5902374427618304,-0.5849625007211561,0.005274942040674248,2.343144580797059
NAMED_27,27,9,0,137,69,35,103,207,1,2,2,1,2,1,1,9,9,9,"(3,1)",103,FOLD,2,1,35,B,69,207,NON3,MULT3,103,69,0.5779760704050494,103,35,1.5572175102382522,23.109561465469028,23.68753753587408,26.00128629505305,27.558503805291302,-0.4115315557773085,0.4150374992788439,0.0035059435015356395,1.9316130250197505
NAMED_27,27,10,0,103,13,53,155,39,3,1,1,3,1,3,7,7,7,39,"(3,1)",155,UP,3,0,13,A,13,39,NON3,MULT3,155,13,3.5756846871331454,155,13,3.5756846871331454,23.68753753587408,27.263222223007222,27.558503805291302,31.134188492424446,0.5896238780910192,-0.5849625007211561,0.004661377369863099,2.5212369031107698
NAMED_27,27,11,0,155,39,79,233,117,2,1,1,2,2,3,3,11,27,27,"(3,1)",233,UP,3,0,39,A,39,117,NON3,MULT3,233,39,2.578783925792032,233,39,2.578783925792032,27.263222223007222,29.842006148799253,31.134188492424446,33.71297241821648,0.5880617393800427,-0.5849625007211561,0.00309923865888656,3.1092986424908124
NAMED_27,27,12,0,233,117,59,175,351,1,2,2,1,2,1,1,9,9,41,"(3,1)",175,FOLD,2,1,59,B,117,351,NON3,MULT3,175,117,0.5808463922489242,175,59,1.5685680624704874,29.842006148799253,30.42285254104818,33.71297241821648,35.28154048068697,-0.41297503282195147,0.4150374992788439,0.0020624664568923198,2.6963236096688608
NAMED_27,27,13,0,175,11,89,263,33,4,1,1,4,1,3,7,15,15,47,"(3,1)",263,UP,3,0,11,A,11,33,NON3,MULT3,263,11,4.579487370655005,263,11,4.579487370655005,30.42285254104818,35.00233991170318,35.28154048068697,39.86102785134197,0.5877078774599735,-0.5849625007211561,0.0027453767388172924,3.2840314871288343
NAMED_27,27,14,0,263,33,133,395,99,3,1,1,3,2,3,7,7,7,7,"(3,1)",395,UP,3,0,33,A,33,99,NON3,MULT3,395,33,3.5813147237060123,395,33,3.5813147237060123,35.00233991170318,38.5836546354092,39.86102785134197,43.44234257504799,0.586789853772163,-0.5849625007211561,0.001827353051006809,3.8708213409009975
NAMED_27,27,15,0,395,99,199,593,297,2,1,1,2,2,3,3,11,11,11,"(3,1)",593,UP,3,0,99,A,99,297,NON3,MULT3,593,99,2.582531674466394,593,99,2.582531674466394,38.5836546354092,41.16618630987559,43.44234257504799,46.02487424951438,0.5861794514815384,-0.5849625007211561,0.0012169507603823108,4.457000792382535
NAMED_27,27,16,0,593,297,149,445,891,1,2,2,1,2,1,1,1,17,17,"(3,1)",445,FOLD,2,1,149,B,297,891,NON3,MULT3,445,297,0.5833424050529938,445,149,1.578493005391599,41.16618630987559,41.74952871492859,46.02487424951438,47.60336725490598,-0.4142267686922434,0.4150374992788439,0.000810730586600256,4.042774023690292
NAMED_27,27,17,0,445,223,7,167,669,1,6,3,1,1,1,5,13,29,61,"(3,1)",167,FOLD,2,1,7,B,223,669,NON3,MULT3,167,223,-0.41719560744625284,167,7,4.576349370416448,41.74952871492859,41.332333107482334,47.60336725490598,52.17971662532243,-1.413957233379708,1.415037499278844,0.0010802658991358788,2.628816790310584
NAMED_27,27,18,0,167,21,85,251,63,3,1,1,3,2,3,7,7,7,39,"(3,1)",251,UP,3,0,21,A,21,63,NON3,MULT3,251,21,3.5792261311720113,251,21,3.5792261311720113,41.332333107482334,44.91155923865435,52.17971662532243,55.75894275649444,0.5878392614767198,-0.5849625007211561,0.002876760755563661,3.2166560517873037
NAMED_27,27,19,0,251,63,127,377,189,2,1,1,2,2,3,3,11,27,59,"(3,1)",377,UP,3,0,63,A,63,189,NON3,MULT3,377,63,2.581140789768747,377,63,2.581140789768747,44.91155923865435,47.492700028423094,55.75894275649444,58.34008354626319,0.5868771593178923,-0.5849625007211561,0.001914658596736107,3.8035332111051963
NAMED_27,27,20,0,377,189,95,283,567,1,2,2,1,2,1,1,9,25,57,"(3,1)",283,FOLD,2,1,95,B,189,567,NON3,MULT3,283,189,0.5824158186108095,283,95,1.5748026345009345,47.492700028423094,48.075115847033906,58.34008354626319,59.91488618076412,-0.41376247043678194,0.4150374992788439,0.0012750288420617212,3.389770740668414
NAMED_27,27,21,0,283,71,143,425,213,2,1,1,2,1,3,3,11,27,27,"(3,1)",425,UP,3,0,71,A,71,213,NON3,MULT3,425,71,2.581571911520382,425,71,2.581571911520382,48.075115847033906,50.65668775855429,59.91488618076412,62.496458092284506,0.5866607881931818,-0.5849625007211561,0.0016982874720256138,3.976431528861596
NAMED_27,27,22,0,425,213,107,319,639,1,2,2,1,2,1,1,9,9,41,"(3,1)",319,FOLD,2,1,107,B,213,639,NON3,MULT3,319,213,0.5827029935390309,319,107,1.5759456273637218,50.65668775855429,51.23939075209332,62.496458092284506,64.07240371964822,-0.4139064172601947,0.4150374992788439,0.0011310820186490233,3.5625251116014014
NAMED_27,27,23,0,319,5,161,479,15,6,1,1,6,1,3,7,15,31,63,"(3,1)",479,UP,3,0,5,A,5,15,NON3,MULT3,479,5,6.581953750848818,479,5,6.581953750848818,51.23939075209332,57.82134450294214,64.07240371964822,70.65435747049705,0.5864692319713107,-0.5849625007211561,0.00150673125015464,4.148994343572712
NAMED_27,27,24,0,479,15,241,719,45,5,1,1,5,2,3,7,15,31,31,"(3,1)",719,UP,3,0,15,A,15,45,NON3,MULT3,719,15,5.582957364830778,719,15,5.582957364830778,57.82134450294214,63.404301867772915,70.65435747049705,76.23731483532782,0.5859661147031177,-0.5849625007211561,0.0010036139819614802,4.734960458275829
NAMED_27,27,25,0,719,45,361,1079,135,4,1,1,4,2,3,7,15,15,15,"(3,1)",1079,UP,3,0,45,A,45,135,NON3,MULT3,1079,45,4.5836260531583415,1079,45,4.5836260531583415,63.404301867772915,67.98792792093126,76.23731483532782,80.82094088848616,0.5856311890487191,-0.5849625007211561,0.0006686883275628174,5.320591647324548
NAMED_27,27,26,0,1079,135,541,1619,405,3,1,1,3,2,3,7,7,23,55,"(3,1)",1619,UP,3,0,135,A,135,405,NON3,MULT3,1619,135,3.584071673251736,1619,135,3.584071673251736,67.98792792093126,71.571999594183,80.82094088848616,84.4050125617379,0.585408120814549,-0.5849625007211561,0.0004456200933928937,5.905999768139097
NAMED_27,27,27,0,1619,405,811,2429,1215,2,1,1,2,2,3,3,3,19,19,"(3,1)",2429,UP,3,0,405,A,405,1215,NON3,MULT3,2429,405,2.5843686768638765,2429,405,2.5843686768638765,71.571999594183,74.15636827104687,84.4050125617379,86.98938123860178,0.5852595043332991,-0.5849625007211561,0.0002970036121428721,6.491259272472396
NAMED_27,27,28,0,2429,1215,19,911,3645,1,7,3,1,2,1,5,13,29,61,"(3,1)",911,FOLD,2,1,19,B,1215,3645,NON3,MULT3,911,1215,-0.41543335469109266,911,19,5.583379730358466,74.15636827104687,73.74093491635578,86.98938123860178,92.57276096896024,-1.4148395308338142,1.415037499278844,0.00019796844502952557,5.076419741638582
NAMED_27,27,29,0,911,57,457,1367,171,4,1,1,4,2,3,7,15,15,15,"(3,1)",1367,UP,3,0,57,A,57,171,NON3,MULT3,1367,57,4.583907513441318,1367,57,4.583907513441318,73.74093491635578,78.3248424297971,92.57276096896024,97.15666848240156,0.5854902838040092,-0.5849625007211561,0.000527783082853132,5.661910025442591
NAMED_27,27,30,0,1367,171,685,2051,513,3,1,1,3,2,3,7,7,23,23,"(3,1)",2051,UP,3,0,171,A,171,513,NON3,MULT3,2051,171,3.584259261593954,2051,171,3.584259261593954,78.3248424297971,81.90910169139106,97.15666848240156,100.74092774399551,0.5853142488737921,-0.5849625007211561,0.0003517481526356517,6.247224274316383
NAMED_27,27,31,0,2051,513,1027,3077,1539,2,1,1,2,2,3,3,3,3,3,"(3,1)",3077,UP,3,0,513,A,513,1539,NON3,MULT3,3077,513,2.5844937127264913,3077,513,2.5844937127264913,81.90910169139106,84.49359540411754,100.74092774399551,103.32542145672201,0.5851969518536928,-0.5849625007211561,0.0002344511325365936,6.832421226170076
NAMED_27,27,32,0,3077,1539,385,577,4617,1,3,4,1,2,1,5,5,5,5,"(3,1)",577,FOLD,2,1,385,B,1539,4617,NON3,MULT3,577,1539,-1.4153500076827275,577,385,0.5837128730632184,84.49359540411754,83.07824539643481,103.32542145672201,103.90913432978523,-2.4148812196880622,2.415037499278844,0.000156279590781616,4.417540006482014
NAMED_27,27,33,0,577,289,145,433,867,1,2,2,1,1,1,1,1,1,1,"(3,1)",433,FOLD,2,1,145,B,289,867,NON3,MULT3,433,289,0.5832975322260463,433,145,1.57831412471179,83.07824539643481,83.66154292866085,103.90913432978523,105.48744845449703,-0.41420429391875757,0.4150374992788439,0.0008332053600863418,4.003335712563256
NAMED_27,27,34,0,433,217,109,325,651,1,2,2,1,1,1,1,1,17,49,"(3,1)",325,FOLD,2,1,109,B,217,651,NON3,MULT3,325,217,0.5827446754713366,325,109,1.57611158313889,83.66154292866085,84.24428760413218,105.48744845449703,107.06356003763592,-0.41392730681090817,0.4150374992788439,0.0011101924679357003,3.589408405752348
NAMED_27,27,35,0,325,163,41,61,489,1,3,4,1,1,1,5,5,5,5,"(3,1)",61,FOLD,2,1,41,B,163,489,NON3,MULT3,61,163,-1.4179908166681905,61,41,0.5731853329448029,84.24428760413218,82.82629678746399,107.06356003763592,107.63674537058073,-2.4135585703529303,2.415037499278844,0.0014789289259132977,1.1758498353994176
NAMED_27,27,36,0,61,31,1,23,93,1,6,3,1,1,1,5,13,29,61,"(3,1)",23,FOLD,2,1,1,B,31,93,NON3,MULT3,23,31,-0.43063435432986186,23,1,4.523561956057013,82.82629678746399,82.39566243313412,107.63674537058073,112.16030732663774,-1.4071753815058734,1.415037499278844,0.007862117772970424,-0.23132554610645584
NAMED_27,27,37,0,23,3,13,35,9,3,1,1,3,2,3,7,7,23,23,"(3,1)",35,UP,3,0,3,A,3,9,NON3,MULT3,35,3,3.5443205162238103,35,3,3.5443205162238103,82.39566243313412,85.93998294935793,112.16030732663774,115.70462784286154,0.6057210608879537,-0.5849625007211561,0.020758560166797495,0.3743955147814979
NAMED_27,27,38,0,35,9,19,53,27,2,1,1,2,2,3,3,3,3,35,"(3,1)",53,UP,3,0,9,A,9,27,NON3,MULT3,53,9,2.5579954531208866,53,9,2.5579954531208866,85.93998294935793,88.49797840247881,115.70462784286154,118.26262329598242,0.5986374376182326,-0.5849625007211561,0.013674936897076493,0.9730329523997305
NAMED_27,27,39,0,53,27,7,5,81,1,3,5,1,2,1,5,5,21,53,"(3,1)",5,FOLD,2,1,7,B,27,81,NON3,MULT3,5,27,-2.432959407276106,5,7,-0.485426827170242,88.49797840247881,86.0650189952027,118.26262329598242,117.77719646881218,-3.405992359675837,3.415037499278844,0.009045139603006985,-2.4329594072761065
NAMED_27,27,40,0,5,3,1,1,9,1,3,4,1,2,1,5,5,5,5,"(3,1)",1,FOLD,2,1,1,B,3,9,NON3,MULT3,1,3,-1.584962500721156,1,1,0.0,86.0650189952027,84.48005649448154,117.77719646881218,117.77719646881218,-2.321928094887362,2.415037499278844,0.09310940439148145,-4.754887502163468
NAMED_27,27,41,1,1,1,1,1,3,1,2,2,1,1,1,1,1,1,1,"(3,1)",1,BOUNDARY,0,1,1,A,1,3,NON3,MULT3,1,1,0.0,1,1,0.0,84.48005649448154,84.48005649448154,117.77719646881218,117.77719646881218,0.0,0.0,0.0,-4.754887502163468
NAMED_97,97,0,0,97,49,25,73,147,1,2,2,1,1,1,1,1,1,33,"(3,1)",73,FOLD,2,1,25,B,49,147,NON3,MULT3,73,49,0.5751147147648092,73,25,1.5459683691052932,0.0,0.5751147147648092,0.0,1.5459683691052932,-0.41008828330711045,0.4150374992788439,0.004949215971733351,-0.41008828330711045
NAMED_97,97,1,0,73,37,19,55,111,1,2,2,1,1,1,1,9,9,9,"(3,1)",55,FOLD,2,1,19,B,37,111,NON3,MULT3,55,37,0.5719063478957098,55,19,1.5334322000810747,0.5751147147648092,1.147021062660519,1.5459683691052932,3.079400569186368,-0.40846484535535765,0.4150374992788439,0.006572653923486113,-0.8185531286624681
NAMED_97,97,2,0,55,7,29,83,21,3,1,1,3,1,3,7,7,23,55,"(3,1)",83,UP,3,0,7,A,7,21,NON3,MULT3,83,7,3.5676845092893203,83,7,3.5676845092893203,1.147021062660519,4.714705571949839,3.079400569186368,6.647085078475689,0.593679717822265,-0.5849625007211561,0.008717217101109027,-0.22487341084020307
NAMED_97,97,3,0,83,21,43,125,63,2,1,1,2,2,3,3,3,19,19,"(3,1)",125,UP,3,0,21,A,21,63,NON3,MULT3,125,21,2.5734668618833263,125,21,2.5734668618833263,4.714705571949839,7.288172433833165,6.647085078475689,9.220551940359016,0.5907448533151625,-0.5849625007211561,0.005782352594006178,0.3658714424749594
NAMED_97,97,4,0,125,63,1,47,189,1,7,3,1,2,1,5,13,29,61,"(3,1)",47,FOLD,2,1,1,B,63,189,NON3,MULT3,47,63,-0.42269107182227916,47,1,5.554588851677638,7.288172433833165,6.865481362010886,9.220551940359016,14.775140792036654,-1.4111954329844496,1.415037499278844,0.003842066294394044,-1.0453239905094902
NAMED_97,97,5,0,47,3,25,71,9,4,1,1,4,2,3,7,15,15,47,"(3,1)",71,UP,3,0,3,A,3,9,NON3,MULT3,71,3,4.564784618783526,71,3,4.564784618783526,6.865481362010886,11.430265980794413,14.775140792036654,19.33992541082018,0.5951582678270448,-0.5849625007211561,0.010195767105888364,-0.45016572268244537
NAMED_97,97,6,0,71,9,37,107,27,3,1,1,3,2,3,7,7,7,7,"(3,1)",107,UP,3,0,9,A,9,27,NON3,MULT3,107,9,3.5715419849588352,107,9,3.5715419849588352,11.430265980794413,15.001807965753247,19.33992541082018,22.911467395779013,0.5917198668964649,-0.5849625007211561,0.006757366175308802,0.14155414421401957
NAMED_97,97,7,0,107,27,55,161,81,2,1,1,2,2,3,3,11,11,43,"(3,1)",161,UP,3,0,27,A,27,81,NON3,MULT3,161,27,2.5760293759511486,161,27,2.5760293759511486,15.001807965753247,17.577837341704395,22.911467395779013,25.48749677173016,0.5894498917134701,-0.5849625007211561,0.004487390992313691,0.7310040359274896
NAMED_97,97,8,0,161,81,41,121,243,1,2,2,1,2,1,1,1,1,33,"(3,1)",121,FOLD,2,1,41,B,81,243,NON3,MULT3,121,81,0.5790132343899703,121,41,1.5613112326565108,17.577837341704395,18.156850576094364,25.48749677173016,27.04880800438667,-0.4120536408400226,0.4150374992788439,0.00298385843882141,0.31895039508746703
NAMED_97,97,9,0,121,61,31,91,183,1,2,2,1,1,1,1,9,25,57,"(3,1)",91,FOLD,2,1,31,B,61,183,NON3,MULT3,91,61,0.5770573026358097,91,31,1.5535983298118214,18.156850576094364,18.73390787873017,27.04880800438667,28.60240633419849,-0.41106859707589805,0.4150374992788439,0.0039689022029454546,-0.09211820198843101
NAMED_97,97,10,0,91,23,47,137,69,2,1,1,2,1,3,3,11,27,27,"(3,1)",137,UP,3,0,23,A,23,69,NON3,MULT3,137,23,2.5744701269035133,137,23,2.5744701269035133,18.73390787873017,21.308378005633685,28.60240633419849,31.176876461102005,0.5902374427618304,-0.5849625007211561,0.005274942040674248,0.4981192407733994
NAMED_97,97,11,0,137,69,35,103,207,1,2,2,1,2,1,1,9,9,9,"(3,1)",103,FOLD,2,1,35,B,69,207,NON3,MULT3,103,69,0.5779760704050494,103,35,1.5572175102382522,21.308378005633685,21.886354076038735,31.176876461102005,32.73409397134026,-0.4115315557773085,0.4150374992788439,0.0035059435015356395,0.08658768499609093
NAMED_97,97,12,0,103,13,53,155,39,3,1,1,3,1,3,7,7,7,39,"(3,1)",155,UP,3,0,13,A,13,39,NON3,MULT3,155,13,3.5756846871331454,155,13,3.5756846871331454,21.886354076038735,25.46203876317188,32.73409397134026,36.309778658473405,0.5896238780910192,-0.5849625007211561,0.004661377369863099,0.6762115630871102
NAMED_97,97,13,0,155,39,79,233,117,2,1,1,2,2,3,3,11,27,27,"(3,1)",233,UP,3,0,39,A,39,117,NON3,MULT3,233,39,2.578783925792032,233,39,2.578783925792032,25.46203876317188,28.04082268896391,36.309778658473405,38.888562584265436,0.5880617393800427,-0.5849625007211561,0.00309923865888656,1.2642733024671529
NAMED_97,97,14,0,233,117,59,175,351,1,2,2,1,2,1,1,9,9,41,"(3,1)",175,FOLD,2,1,59,B,117,351,NON3,MULT3,175,117,0.5808463922489242,175,59,1.5685680624704874,28.04082268896391,28.621669081212836,38.888562584265436,40.457130646735926,-0.41297503282195147,0.4150374992788439,0.0020624664568923198,0.8512982696452014
NAMED_97,97,15,0,175,11,89,263,33,4,1,1,4,1,3,7,15,15,47,"(3,1)",263,UP,3,0,11,A,11,33,NON3,MULT3,263,11,4.579487370655005,263,11,4.579487370655005,28.621669081212836,33.20115645186784,40.457130646735926,45.03661801739093,0.5877078774599735,-0.5849625007211561,0.0027453767388172924,1.439006147105175
NAMED_97,97,16,0,263,33,133,395,99,3,1,1,3,2,3,7,7,7,7,"(3,1)",395,UP,3,0,33,A,33,99,NON3,MULT3,395,33,3.5813147237060123,395,33,3.5813147237060123,33.20115645186784,36.78247117557385,45.03661801739093,48.61793274109694,0.586789853772163,-0.5849625007211561,0.001827353051006809,2.025796000877338
NAMED_97,97,17,0,395,99,199,593,297,2,1,1,2,2,3,3,11,11,11,"(3,1)",593,UP,3,0,99,A,99,297,NON3,MULT3,593,99,2.582531674466394,593,99,2.582531674466394,36.78247117557385,39.36500285004025,48.61793274109694,51.20046441556334,0.5861794514815384,-0.5849625007211561,0.0012169507603823108,2.6119754523588763
NAMED_97,97,18,0,593,297,149,445,891,1,2,2,1,2,1,1,1,17,17,"(3,1)",445,FOLD,2,1,149,B,297,891,NON3,MULT3,445,297,0.5833424050529938,445,149,1.578493005391599,39.36500285004025,39.948345255093244,51.20046441556334,52.77895742095494,-0.4142267686922434,0.4150374992788439,0.000810730586600256,2.197748683666633
NAMED_97,97,19,0,445,223,7,167,669,1,6,3,1,1,1,5,13,29,61,"(3,1)",167,FOLD,2,1,7,B,223,669,NON3,MULT3,167,223,-0.41719560744625284,167,7,4.576349370416448,39.948345255093244,39.53114964764699,52.77895742095494,57.35530679137139,-1.413957233379708,1.415037499278844,0.0010802658991358788,0.783791450286925
NAMED_97,97,20,0,167,21,85,251,63,3,1,1,3,2,3,7,7,7,39,"(3,1)",251,UP,3,0,21,A,21,63,NON3,MULT3,251,21,3.5792261311720113,251,21,3.5792261311720113,39.53114964764699,43.110375778819005,57.35530679137139,60.934532922543404,0.5878392614767198,-0.5849625007211561,0.002876760755563661,1.3716307117636448
NAMED_97,97,21,0,251,63,127,377,189,2,1,1,2,2,3,3,11,27,59,"(3,1)",377,UP,3,0,63,A,63,189,NON3,MULT3,377,63,2.581140789768747,377,63,2.581140789768747,43.110375778819005,45.69151656858775,60.934532922543404,63.51567371231215,0.5868771593178923,-0.5849625007211561,0.001914658596736107,1.9585078710815371
NAMED_97,97,22,0,377,189,95,283,567,1,2,2,1,2,1,1,9,25,57,"(3,1)",283,FOLD,2,1,95,B,189,567,NON3,MULT3,283,189,0.5824158186108095,283,95,1.5748026345009345,45.69151656858775,46.27393238719856,63.51567371231215,65.09047634681309,-0.41376247043678194,0.4150374992788439,0.0012750288420617212,1.5447454006447552
NAMED_97,97,23,0,283,71,143,425,213,2,1,1,2,1,3,3,11,27,27,"(3,1)",425,UP,3,0,71,A,71,213,NON3,MULT3,425,71,2.581571911520382,425,71,2.581571911520382,46.27393238719856,48.85550429871895,65.09047634681309,67.67204825833348,0.5866607881931818,-0.5849625007211561,0.0016982874720256138,2.131406188837937
NAMED_97,97,24,0,425,213,107,319,639,1,2,2,1,2,1,1,9,9,41,"(3,1)",319,FOLD,2,1,107,B,213,639,NON3,MULT3,319,213,0.5827029935390309,319,107,1.5759456273637218,48.85550429871895,49.43820729225798,67.67204825833348,69.2479938856972,-0.4139064172601947,0.4150374992788439,0.0011310820186490233,1.7174997715777423
NAMED_97,97,25,0,319,5,161,479,15,6,1,1,6,1,3,7,15,31,63,"(3,1)",479,UP,3,0,5,A,5,15,NON3,MULT3,479,5,6.581953750848818,479,5,6.581953750848818,49.43820729225798,56.020161043106796,69.2479938856972,75.82994763654602,0.5864692319713107,-0.5849625007211561,0.00150673125015464,2.303969003549053
NAMED_97,97,26,0,479,15,241,719,45,5,1,1,5,2,3,7,15,31,31,"(3,1)",719,UP,3,0,15,A,15,45,NON3,MULT3,719,15,5.582957364830778,719,15,5.582957364830778,56.020161043106796,61.60311840793757,75.82994763654602,81.4129050013768,0.5859661147031177,-0.5849625007211561,0.0010036139819614802,2.8899351182521706
NAMED_97,97,27,0,719,45,361,1079,135,4,1,1,4,2,3,7,15,15,15,"(3,1)",1079,UP,3,0,45,A,45,135,NON3,MULT3,1079,45,4.5836260531583415,1079,45,4.5836260531583415,61.60311840793757,66.18674446109591,81.4129050013768,85.99653105453514,0.5856311890487191,-0.5849625007211561,0.0006686883275628174,3.47556630730089
NAMED_97,97,28,0,1079,135,541,1619,405,3,1,1,3,2,3,7,7,23,55,"(3,1)",1619,UP,3,0,135,A,135,405,NON3,MULT3,1619,135,3.584071673251736,1619,135,3.584071673251736,66.18674446109591,69.77081613434765,85.99653105453514,89.58060272778688,0.585408120814549,-0.5849625007211561,0.0004456200933928937,4.060974428115439
NAMED_97,97,29,0,1619,405,811,2429,1215,2,1,1,2,2,3,3,3,19,19,"(3,1)",2429,UP,3,0,405,A,405,1215,NON3,MULT3,2429,405,2.5843686768638765,2429,405,2.5843686768638765,69.77081613434765,72.35518481121153,89.58060272778688,92.16497140465076,0.5852595043332991,-0.5849625007211561,0.0002970036121428721,4.646233932448738
NAMED_97,97,30,0,2429,1215,19,911,3645,1,7,3,1,2,1,5,13,29,61,"(3,1)",911,FOLD,2,1,19,B,1215,3645,NON3,MULT3,911,1215,-0.41543335469109266,911,19,5.583379730358466,72.35518481121153,71.93975145652044,92.16497140465076,97.74835113500922,-1.4148395308338142,1.415037499278844,0.00019796844502952557,3.2313944016149243
NAMED_97,97,31,0,911,57,457,1367,171,4,1,1,4,2,3,7,15,15,15,"(3,1)",1367,UP,3,0,57,A,57,171,NON3,MULT3,1367,57,4.583907513441318,1367,57,4.583907513441318,71.93975145652044,76.52365896996176,97.74835113500922,102.33225864845053,0.5854902838040092,-0.5849625007211561,0.000527783082853132,3.8168846854189336
NAMED_97,97,32,0,1367,171,685,2051,513,3,1,1,3,2,3,7,7,23,23,"(3,1)",2051,UP,3,0,171,A,171,513,NON3,MULT3,2051,171,3.584259261593954,2051,171,3.584259261593954,76.52365896996176,80.10791823155571,102.33225864845053,105.91651791004449,0.5853142488737921,-0.5849625007211561,0.0003517481526356517,4.402198934292725
NAMED_97,97,33,0,2051,513,1027,3077,1539,2,1,1,2,2,3,3,3,3,3,"(3,1)",3077,UP,3,0,513,A,513,1539,NON3,MULT3,3077,513,2.5844937127264913,3077,513,2.5844937127264913,80.10791823155571,82.69241194428221,105.91651791004449,108.50101162277099,0.5851969518536928,-0.5849625007211561,0.0002344511325365936,4.987395886146418
NAMED_97,97,34,0,3077,1539,385,577,4617,1,3,4,1,2,1,5,5,5,5,"(3,1)",577,FOLD,2,1,385,B,1539,4617,NON3,MULT3,577,1539,-1.4153500076827275,577,385,0.5837128730632184,82.69241194428221,81.27706193659948,108.50101162277099,109.08472449583421,-2.4148812196880622,2.415037499278844,0.000156279590781616,2.5725146664583556
NAMED_97,97,35,0,577,289,145,433,867,1,2,2,1,1,1,1,1,1,1,"(3,1)",433,FOLD,2,1,145,B,289,867,NON3,MULT3,433,289,0.5832975322260463,433,145,1.57831412471179,81.27706193659948,81.86035946882552,109.08472449583421,110.663038620546,-0.41420429391875757,0.4150374992788439,0.0008332053600863418,2.158310372539598
NAMED_97,97,36,0,433,217,109,325,651,1,2,2,1,1,1,1,1,17,49,"(3,1)",325,FOLD,2,1,109,B,217,651,NON3,MULT3,325,217,0.5827446754713366,325,109,1.57611158313889,81.86035946882552,82.44310414429685,110.663038620546,112.2391502036849,-0.41392730681090817,0.4150374992788439,0.0011101924679357003,1.7443830657286898
NAMED_97,97,37,0,325,163,41,61,489,1,3,4,1,1,1,5,5,5,5,"(3,1)",61,FOLD,2,1,41,B,163,489,NON3,MULT3,61,163,-1.4179908166681905,61,41,0.5731853329448029,82.44310414429685,81.02511332762866,112.2391502036849,112.8123355366297,-2.4135585703529303,2.415037499278844,0.0014789289259132977,-0.6691755046242405
NAMED_97,97,38,0,61,31,1,23,93,1,6,3,1,1,1,5,13,29,61,"(3,1)",23,FOLD,2,1,1,B,31,93,NON3,MULT3,23,31,-0.43063435432986186,23,1,4.523561956057013,81.02511332762866,80.59447897329879,112.8123355366297,117.33589749268671,-1.4071753815058734,1.415037499278844,0.007862117772970424,-2.076350886130114
NAMED_97,97,39,0,23,3,13,35,9,3,1,1,3,2,3,7,7,23,23,"(3,1)",35,UP,3,0,3,A,3,9,NON3,MULT3,35,3,3.5443205162238103,35,3,3.5443205162238103,80.59447897329879,84.1387994895226,117.33589749268671,120.88021800891052,0.6057210608879537,-0.5849625007211561,0.020758560166797495,-1.4706298252421601
NAMED_97,97,40,0,35,9,19,53,27,2,1,1,2,2,3,3,3,3,35,"(3,1)",53,UP,3,0,9,A,9,27,NON3,MULT3,53,9,2.5579954531208866,53,9,2.5579954531208866,84.1387994895226,86.69679494264348,120.88021800891052,123.4382134620314,0.5986374376182326,-0.5849625007211561,0.013674936897076493,-0.8719923876239275
NAMED_97,97,41,0,53,27,7,5,81,1,3,5,1,2,1,5,5,21,53,"(3,1)",5,FOLD,2,1,7,B,27,81,NON3,MULT3,5,27,-2.432959407276106,5,7,-0.485426827170242,86.69679494264348,84.26383553536738,123.4382134620314,122.95278663486116,-3.405992359675837,3.415037499278844,0.009045139603006985,-4.277984747299764
NAMED_97,97,42,0,5,3,1,1,9,1,3,4,1,2,1,5,5,5,5,"(3,1)",1,FOLD,2,1,1,B,3,9,NON3,MULT3,1,3,-1.584962500721156,1,1,0.0,84.26383553536738,82.67887303464622,122.95278663486116,122.95278663486116,-2.321928094887362,2.415037499278844,0.09310940439148145,-6.599912842187127
NAMED_97,97,43,1,1,1,1,1,3,1,2,2,1,1,1,1,1,1,1,"(3,1)",1,BOUNDARY,0,1,1,A,1,3,NON3,MULT3,1,1,0.0,1,1,0.0,82.67887303464622,82.67887303464622,122.95278663486116,122.95278663486116,0.0,0.0,0.0,-6.599912842187127
NAMED_871,871,0,0,871,109,437,1307,327,3,1,1,3,1,3,7,7,7,39,"(3,1)",1307,UP,3,0,109,A,109,327,NON3,MULT3,1307,109,3.583859101018507,1307,109,3.583859101018507,0.0,3.583859101018507,0.0,3.583859101018507,0.5855145171965686,-0.5849625007211561,0.0005520164754123741,0.5855145171965686
NAMED_871,871,1,0,1307,327,655,1961,981,2,1,1,2,2,3,3,11,27,27,"(3,1)",1961,UP,3,0,327,A,327,981,NON3,MULT3,1961,327,2.584226994694067,1961,327,2.584226994694067,3.583859101018507,6.168086095712574,3.583859101018507,6.168086095712574,0.5853303943967156,-0.5849625007211561,0.00036789367555966707,1.1708449115932842
NAMED_871,871,2,0,1961,981,491,1471,2943,1,2,2,1,2,1,1,9,9,41,"(3,1)",1471,FOLD,2,1,491,B,981,2943,NON3,MULT3,1471,981,0.5844722050355919,1471,491,1.5830023169401386,6.168086095712574,6.7525583007481655,6.168086095712574,7.751088412652712,-0.414792288937319,0.4150374992788439,0.0002452103415250114,0.7560526226559652
NAMED_871,871,3,0,1471,23,737,2207,69,6,1,1,6,1,3,7,15,31,63,"(3,1)",2207,UP,3,0,23,A,23,69,NON3,MULT3,2207,23,6.584308958222601,2207,23,6.584308958222601,6.7525583007481655,13.336867258970766,7.751088412652712,14.335397370875313,0.5852893830247841,-0.5849625007211561,0.00032688230362787986,1.3413420056807492
NAMED_871,871,4,0,2207,69,1105,3311,207,5,1,1,5,2,3,7,15,31,31,"(3,1)",3311,UP,3,0,69,A,69,207,NON3,MULT3,3311,69,5.584526838618831,3311,69,5.584526838618831,13.336867258970766,18.921394097589598,14.335397370875313,19.919924209494145,0.5851803811173852,-0.5849625007211561,0.00021788039622917582,1.9265223867981345
NAMED_871,871,5,0,3311,207,1657,4967,621,4,1,1,4,2,3,7,15,15,47,"(3,1)",4967,UP,3,0,207,A,207,621,NON3,MULT3,4967,207,4.584672073937912,4967,207,4.584672073937912,18.921394097589598,23.50606617152751,19.919924209494145,24.504596283432058,0.5851077360402388,-0.5849625007211561,0.00014523531908251514,2.5116301228383735
NAMED_871,871,6,0,4967,621,2485,7451,1863,3,1,1,3,2,3,7,7,7,39,"(3,1)",7451,UP,3,0,621,A,621,1863,NON3,MULT3,7451,621,3.5847688893619587,7451,621,3.5847688893619587,23.50606617152751,27.090835060889468,24.504596283432058,28.089365172794018,0.5850593161452027,-0.5849625007211561,9.68154240467044e-05,3.096689438983576
NAMED_871,871,7,0,7451,1863,3727,11177,5589,2,1,1,2,2,3,3,11,27,27,"(3,1)",11177,UP,3,0,1863,A,1863,5589,NON3,MULT3,11177,1863,2.58483342936872,11177,1863,2.58483342936872,27.090835060889468,29.67566849025819,28.089365172794018,30.67419860216274,0.585027040727917,-0.5849625007211561,6.454000676082042e-05,3.6817164797114934
NAMED_871,871,8,0,11177,5589,2795,8383,16767,1,2,2,1,2,1,1,9,9,41,"(3,1)",8383,FOLD,2,1,2795,B,5589,16767,NON3,MULT3,8383,5589,0.5848764544359248,8383,2795,1.584618346368167,29.67566849025819,30.260544944694114,30.67419860216274,32.25881694853091,-0.4149944742116385,0.4150374992788439,4.302506720546012e-05,3.266722005499855
NAMED_871,871,9,0,8383,131,4193,12575,393,6,1,1,6,1,3,7,15,31,63,"(3,1)",12575,UP,3,0,131,A,131,393,NON3,MULT3,12575,131,6.584847778042802,12575,131,6.584847778042802,30.260544944694114,36.84539272273692,32.25881694853091,38.84366472657371,0.5850198654815322,-0.5849625007211561,5.736476037606886e-05,3.851741870981387
NAMED_871,871,10,0,12575,393,6289,18863,1179,5,1,1,5,2,3,7,15,31,31,"(3,1)",18863,UP,3,0,393,A,393,1179,NON3,MULT3,18863,393,5.584886019949231,18863,393,5.584886019949231,36.84539272273692,42.43027874268615,38.84366472657371,44.42855074652294,0.585000742627585,-0.5849625007211561,3.824190642848728e-05,4.436742613608972
NAMED_871,871,11,0,18863,1179,9433,28295,3537,4,1,1,4,2,3,7,15,15,47,"(3,1)",28295,UP,3,0,1179,A,1179,3537,NON3,MULT3,28295,1179,4.5849115139903684,28295,1179,4.5849115139903684,42.43027874268615,47.01519025667652,44.42855074652294,49.01346226051331,0.5849879947622931,-0.5849625007211561,2.549404113703429e-05,5.021730608371265
NAMED_871,871,12,0,28295,3537,14149,42443,10611,3,1,1,3,2,3,7,7,7,7,"(3,1)",42443,UP,3,0,3537,A,3537,10611,NON3,MULT3,42443,3537,3.584928509767513,42443,3537,3.584928509767513,47.01519025667652,50.600118766444034,49.01346226051331,52.59839077028082,0.5849794964983017,-0.5849625007211561,1.6995777145863723e-05,5.606710104869567
NAMED_871,871,13,0,42443,10611,21223,63665,31833,2,1,1,2,2,3,3,11,11,11,"(3,1)",63665,UP,3,0,10611,A,10611,31833,NON3,MULT3,63665,10611,2.5849398401743784,63665,10611,2.5849398401743784,50.600118766444034,53.18505860661841,52.59839077028082,55.1833306104552,0.584973831128021,-0.5849625007211561,1.1330406864876175e-05,6.191683935997588
NAMED_871,871,14,0,63665,31833,15917,47749,95499,1,2,2,1,2,1,1,1,17,49,"(3,1)",47749,FOLD,2,1,15917,B,31833,95499,NON3,MULT3,47749,31833,0.5849473937295198,47749,15917,1.584902073703729,53.18505860661841,53.770006000347934,55.1833306104552,56.76823268415893,-0.4150299457237032,0.4150374992788439,7.55355514091311e-06,5.776653990273885
NAMED_871,871,15,0,47749,23875,5969,8953,71625,1,3,4,1,1,1,5,5,5,5,"(3,1)",8953,FOLD,2,1,5969,B,23875,71625,NON3,MULT3,8953,23875,-1.4150576417585956,8953,5969,0.5848819324894379,53.770006000347934,52.35494835858934,56.76823268415893,57.35311461664837,-2.415027427933509,2.415037499278844,1.0071345335140957e-05,3.361626562340376
NAMED_871,871,16,0,8953,4477,2239,6715,13431,1,2,2,1,1,1,1,9,25,57,"(3,1)",6715,FOLD,2,1,2239,B,4477,13431,NON3,MULT3,6715,4477,0.584855081411261,6715,2239,1.5845328714622067,52.35494835858934,52.9398034400006,57.35311461664837,58.93764748811058,-0.4149837866244366,0.4150374992788439,5.371265440742747e-05,2.9466427757159392
NAMED_871,871,17,0,6715,1679,3359,10073,5037,2,1,1,2,1,3,3,11,27,59,"(3,1)",10073,UP,3,0,1679,A,1679,5037,NON3,MULT3,10073,1679,2.584819283860872,10073,1679,2.584819283860872,52.9398034400006,55.52462272386148,58.93764748811058,61.52246677197145,0.5850341144830973,-0.5849625007211561,7.161376194118252e-05,3.5316768901990363
NAMED_871,871,18,0,10073,5037,2519,7555,15111,1,2,2,1,2,1,1,9,25,25,"(3,1)",7555,FOLD,2,1,2519,B,5037,15111,NON3,MULT3,7555,5037,0.584867024394006,7555,2519,1.58458063331795,55.52462272386148,56.109489748255484,61.52246677197145,63.1070474052894,-0.41498975874571054,0.4150374992788439,4.774053313331798e-05,3.1166871314533258
NAMED_871,871,19,0,7555,1889,3779,11333,5667,2,1,1,2,1,3,3,3,3,3,"(3,1)",11333,UP,3,0,1889,A,1889,5667,NON3,MULT3,11333,1889,2.5848352059718014,11333,1889,2.5848352059718014,56.109489748255484,58.694324954227284,63.1070474052894,65.6918826112612,0.5850261523079785,-0.5849625007211561,6.365158682247828e-05,3.701713283761304
NAMED_871,871,20,0,11333,5667,1417,2125,17001,1,3,4,1,2,1,5,5,5,5,"(3,1)",2125,FOLD,2,1,1417,B,5667,17001,NON3,MULT3,2125,5667,-1.415122361197099,2125,1417,0.5846230829944083,58.694324954227284,57.279202593030185,65.6918826112612,66.27650569425562,-2.4149950664477435,2.415037499278844,4.243283110033503e-05,1.2867182173135605
NAMED_871,871,21,0,2125,1063,133,797,3189,1,4,3,1,1,1,5,13,13,13,"(3,1)",797,FOLD,2,1,133,B,1063,3189,NON3,MULT3,797,1063,-0.4154899675406334,797,133,2.5831534784892822,57.279202593030185,56.863712625489555,66.27650569425562,68.8596591727449,-1.4148112119219547,1.415037499278844,0.0002262873568891942,-0.12809299460839418
NAMED_871,871,22,0,797,399,25,299,1197,1,5,3,1,2,1,5,13,29,29,"(3,1)",299,FOLD,2,1,25,B,399,1197,NON3,MULT3,299,399,-0.4162432620242402,299,25,3.5801454844233804,56.863712625489555,56.447469363465316,68.8596591727449,72.43980465716828,-1.4144342397923666,1.415037499278844,0.0006032594864770523,-1.5425272344007608
NAMED_871,871,23,0,299,75,151,449,225,2,1,1,2,2,3,3,11,11,43,"(3,1)",449,UP,3,0,75,A,75,225,NON3,MULT3,449,75,2.581752944245266,449,75,2.581752944245266,56.447469363465316,59.02922230771058,72.43980465716828,75.02155760141355,0.5865699605430421,-0.5849625007211561,0.0016074598218858338,-0.9559572738577187
NAMED_871,871,24,0,449,225,113,337,675,1,2,2,1,2,1,1,1,1,1,"(3,1)",337,FOLD,2,1,113,B,225,675,NON3,MULT3,337,225,0.5828235899648213,337,113,1.5764258187666709,59.02922230771058,59.6120458976754,75.02155760141355,76.59798342018021,-0.4139668535592884,0.4150374992788439,0.0010706457195552156,-1.369924127417007
NAMED_871,871,25,0,337,169,85,253,507,1,2,2,1,1,1,1,1,17,17,"(3,1)",253,FOLD,2,1,85,B,169,507,NON3,MULT3,253,169,0.582114138412126,253,85,1.5736026385566086,59.6120458976754,60.194160036087524,76.59798342018021,78.17158605873682,-0.41361120648754834,0.4150374992788439,0.0014262927912954777,-1.7835353339045554
NAMED_871,871,26,0,253,127,1,95,381,1,8,3,1,1,1,5,13,29,61,"(3,1)",95,FOLD,2,1,1,B,127,381,NON3,MULT3,95,127,-0.41882907844121764,95,1,6.569855608330948,60.194160036087524,59.775330957646304,78.17158605873682,84.74144166706778,-1.4131379663633623,1.415037499278844,0.0018995329154816274,-3.1966733002679177
NAMED_871,871,27,0,95,3,49,143,9,5,1,1,5,2,3,7,15,31,31,"(3,1)",143,UP,3,0,3,A,3,9,NON3,MULT3,143,3,5.574908836057233,143,3,5.574908836057233,59.775330957646304,65.35023979370354,84.74144166706778,90.31635050312501,0.5900157284474417,-0.5849625007211561,0.005053227726285409,-2.606657571820476
NAMED_871,871,28,0,143,9,73,215,27,4,1,1,4,2,3,7,15,15,15,"(3,1)",215,UP,3,0,9,A,9,27,NON3,MULT3,215,9,4.578267848147148,215,9,4.578267848147148,65.35023979370354,69.92850764185069,90.31635050312501,94.89461835127216,0.5883215128110708,-0.5849625007211561,0.0033590120899147347,-2.018336059009405
NAMED_871,871,29,0,215,27,109,323,81,3,1,1,3,2,3,7,7,23,23,"(3,1)",323,UP,3,0,27,A,27,81,NON3,MULT3,323,27,3.580502852530456,323,27,3.580502852530456,69.92850764185069,73.50901049438114,94.89461835127216,98.47512120380262,0.5871975051044647,-0.5849625007211561,0.002235004383308374,-1.4311385539049404
NAMED_871,871,30,0,323,81,163,485,243,2,1,1,2,2,3,3,3,3,3,"(3,1)",485,UP,3,0,81,A,81,243,NON3,MULT3,485,81,2.581990934189866,485,81,2.581990934189866,73.50901049438114,76.091001428571,98.47512120380262,101.05711213799248,0.5864505823805652,-0.5849625007211561,0.0014880816594088546,-0.8446879715243751
NAMED_871,871,31,0,485,243,61,91,729,1,3,4,1,2,1,5,5,5,37,"(3,1)",91,FOLD,2,1,61,B,243,729,NON3,MULT3,91,243,-1.417017863407085,91,61,0.5770573026358097,76.091001428571,74.67398356516392,101.05711213799248,101.63416944062828,-2.414046296875794,2.415037499278844,0.0009912024030500552,-3.258734268400169
NAMED_871,871,32,0,91,23,47,137,69,2,1,1,2,1,3,3,11,27,27,"(3,1)",137,UP,3,0,23,A,23,69,NON3,MULT3,137,23,2.5744701269035133,137,23,2.5744701269035133,74.67398356516392,77.24845369206744,101.63416944062828,104.2086395675318,0.5902374427618304,-0.5849625007211561,0.005274942040674248,-2.668496825638339
NAMED_871,871,33,0,137,69,35,103,207,1,2,2,1,2,1,1,9,9,9,"(3,1)",103,FOLD,2,1,35,B,69,207,NON3,MULT3,103,69,0.5779760704050494,103,35,1.5572175102382522,77.24845369206744,77.82642976247249,104.2086395675318,105.76585707777005,-0.4115315557773085,0.4150374992788439,0.0035059435015356395,-3.080028381415647
NAMED_871,871,34,0,103,13,53,155,39,3,1,1,3,1,3,7,7,7,39,"(3,1)",155,UP,3,0,13,A,13,39,NON3,MULT3,155,13,3.5756846871331454,155,13,3.5756846871331454,77.82642976247249,81.40211444960563,105.76585707777005,109.3415417649032,0.5896238780910192,-0.5849625007211561,0.004661377369863099,-2.490404503324628
NAMED_871,871,35,0,155,39,79,233,117,2,1,1,2,2,3,3,11,27,27,"(3,1)",233,UP,3,0,39,A,39,117,NON3,MULT3,233,39,2.578783925792032,233,39,2.578783925792032,81.40211444960563,83.98089837539767,109.3415417649032,111.92032569069524,0.5880617393800427,-0.5849625007211561,0.00309923865888656,-1.9023427639445853
NAMED_871,871,36,0,233,117,59,175,351,1,2,2,1,2,1,1,9,9,41,"(3,1)",175,FOLD,2,1,59,B,117,351,NON3,MULT3,175,117,0.5808463922489242,175,59,1.5685680624704874,83.98089837539767,84.5617447676466,111.92032569069524,113.48889375316573,-0.41297503282195147,0.4150374992788439,0.0020624664568923198,-2.3153177967665366
NAMED_871,871,37,0,175,11,89,263,33,4,1,1,4,1,3,7,15,15,47,"(3,1)",263,UP,3,0,11,A,11,33,NON3,MULT3,263,11,4.579487370655005,263,11,4.579487370655005,84.5617447676466,89.1412321383016,113.48889375316573,118.06838112382073,0.5877078774599735,-0.5849625007211561,0.0027453767388172924,-1.727609919306563
NAMED_871,871,38,0,263,33,133,395,99,3,1,1,3,2,3,7,7,7,7,"(3,1)",395,UP,3,0,33,A,33,99,NON3,MULT3,395,33,3.5813147237060123,395,33,3.5813147237060123,89.1412321383016,92.72254686200762,118.06838112382073,121.64969584752674,0.586789853772163,-0.5849625007211561,0.001827353051006809,-1.1408200655344
NAMED_871,871,39,0,395,99,199,593,297,2,1,1,2,2,3,3,11,11,11,"(3,1)",593,UP,3,0,99,A,99,297,NON3,MULT3,593,99,2.582531674466394,593,99,2.582531674466394,92.72254686200762,95.30507853647401,121.64969584752674,124.23222752199314,0.5861794514815384,-0.5849625007211561,0.0012169507603823108,-0.5546406140528617
NAMED_871,871,40,0,593,297,149,445,891,1,2,2,1,2,1,1,1,17,17,"(3,1)",445,FOLD,2,1,149,B,297,891,NON3,MULT3,445,297,0.5833424050529938,445,149,1.578493005391599,95.30507853647401,95.888420941527,124.23222752199314,125.81072052738473,-0.4142267686922434,0.4150374992788439,0.000810730586600256,-0.9688673827451051
NAMED_871,871,41,0,445,223,7,167,669,1,6,3,1,1,1,5,13,29,61,"(3,1)",167,FOLD,2,1,7,B,223,669,NON3,MULT3,167,223,-0.41719560744625284,167,7,4.576349370416448,95.888420941527,95.47122533408074,125.81072052738473,130.38706989780118,-1.413957233379708,1.415037499278844,0.0010802658991358788,-2.3828246161248128
NAMED_871,871,42,0,167,21,85,251,63,3,1,1,3,2,3,7,7,7,39,"(3,1)",251,UP,3,0,21,A,21,63,NON3,MULT3,251,21,3.5792261311720113,251,21,3.5792261311720113,95.47122533408074,99.05045146525275,130.38706989780118,133.9662960289732,0.5878392614767198,-0.5849625007211561,0.002876760755563661,-1.794985354648093
NAMED_871,871,43,0,251,63,127,377,189,2,1,1,2,2,3,3,11,27,59,"(3,1)",377,UP,3,0,63,A,63,189,NON3,MULT3,377,63,2.581140789768747,377,63,2.581140789768747,99.05045146525275,101.6315922550215,133.9662960289732,136.54743681874194,0.5868771593178923,-0.5849625007211561,0.001914658596736107,-1.2081081953302006
NAMED_871,871,44,0,377,189,95,283,567,1,2,2,1,2,1,1,9,25,57,"(3,1)",283,FOLD,2,1,95,B,189,567,NON3,MULT3,283,189,0.5824158186108095,283,95,1.5748026345009345,101.6315922550215,102.21400807363231,136.54743681874194,138.12223945324288,-0.41376247043678194,0.4150374992788439,0.0012750288420617212,-1.6218706657669826
NAMED_871,871,45,0,283,71,143,425,213,2,1,1,2,1,3,3,11,27,27,"(3,1)",425,UP,3,0,71,A,71,213,NON3,MULT3,425,71,2.581571911520382,425,71,2.581571911520382,102.21400807363231,104.7955799851527,138.12223945324288,140.70381136476325,0.5866607881931818,-0.5849625007211561,0.0016982874720256138,-1.0352098775738008
NAMED_871,871,46,0,425,213,107,319,639,1,2,2,1,2,1,1,9,9,41,"(3,1)",319,FOLD,2,1,107,B,213,639,NON3,MULT3,319,213,0.5827029935390309,319,107,1.5759456273637218,104.7955799851527,105.37828297869173,140.70381136476325,142.27975699212698,-0.4139064172601947,0.4150374992788439,0.0011310820186490233,-1.4491162948339955
NAMED_871,871,47,0,319,5,161,479,15,6,1,1,6,1,3,7,15,31,63,"(3,1)",479,UP,3,0,5,A,5,15,NON3,MULT3,479,5,6.581953750848818,479,5,6.581953750848818,105.37828297869173,111.96023672954055,142.27975699212698,148.8617107429758,0.5864692319713107,-0.5849625007211561,0.00150673125015464,-0.8626470628626848
NAMED_871,871,48,0,479,15,241,719,45,5,1,1,5,2,3,7,15,31,31,"(3,1)",719,UP,3,0,15,A,15,45,NON3,MULT3,719,15,5.582957364830778,719,15,5.582957364830778,111.96023672954055,117.54319409437133,148.8617107429758,154.44466810780656,0.5859661147031177,-0.5849625007211561,0.0010036139819614802,-0.2766809481595671
NAMED_871,871,49,0,719,45,361,1079,135,4,1,1,4,2,3,7,15,15,15,"(3,1)",1079,UP,3,0,45,A,45,135,NON3,MULT3,1079,45,4.5836260531583415,1079,45,4.5836260531583415,117.54319409437133,122.12682014752967,154.44466810780656,159.02829416096492,0.5856311890487191,-0.5849625007211561,0.0006686883275628174,0.308950240889152
NAMED_871,871,50,0,1079,135,541,1619,405,3,1,1,3,2,3,7,7,23,55,"(3,1)",1619,UP,3,0,135,A,135,405,NON3,MULT3,1619,135,3.584071673251736,1619,135,3.584071673251736,122.12682014752967,125.71089182078141,159.02829416096492,162.61236583421666,0.585408120814549,-0.5849625007211561,0.0004456200933928937,0.894358361703701
NAMED_871,871,51,0,1619,405,811,2429,1215,2,1,1,2,2,3,3,3,19,19,"(3,1)",2429,UP,3,0,405,A,405,1215,NON3,MULT3,2429,405,2.5843686768638765,2429,405,2.5843686768638765,125.71089182078141,128.2952604976453,162.61236583421666,165.19673451108054,0.5852595043332991,-0.5849625007211561,0.0002970036121428721,1.479617866037
NAMED_871,871,52,0,2429,1215,19,911,3645,1,7,3,1,2,1,5,13,29,61,"(3,1)",911,FOLD,2,1,19,B,1215,3645,NON3,MULT3,911,1215,-0.41543335469109266,911,19,5.583379730358466,128.2952604976453,127.87982714295421,165.19673451108054,170.780114241439,-1.4148395308338142,1.415037499278844,0.00019796844502952557,0.06477833520318588
NAMED_871,871,53,0,911,57,457,1367,171,4,1,1,4,2,3,7,15,15,15,"(3,1)",1367,UP,3,0,57,A,57,171,NON3,MULT3,1367,57,4.583907513441318,1367,57,4.583907513441318,127.87982714295421,132.46373465639553,170.780114241439,175.36402175488033,0.5854902838040092,-0.5849625007211561,0.000527783082853132,0.6502686190071951
NAMED_871,871,54,0,1367,171,685,2051,513,3,1,1,3,2,3,7,7,23,23,"(3,1)",2051,UP,3,0,171,A,171,513,NON3,MULT3,2051,171,3.584259261593954,2051,171,3.584259261593954,132.46373465639553,136.0479939179895,175.36402175488033,178.94828101647428,0.5853142488737921,-0.5849625007211561,0.0003517481526356517,1.2355828678809873
NAMED_871,871,55,0,2051,513,1027,3077,1539,2,1,1,2,2,3,3,3,3,3,"(3,1)",3077,UP,3,0,513,A,513,1539,NON3,MULT3,3077,513,2.5844937127264913,3077,513,2.5844937127264913,136.0479939179895,138.63248763071599,178.94828101647428,181.53277472920078,0.5851969518536928,-0.5849625007211561,0.0002344511325365936,1.82077981973468
NAMED_871,871,56,0,3077,1539,385,577,4617,1,3,4,1,2,1,5,5,5,5,"(3,1)",577,FOLD,2,1,385,B,1539,4617,NON3,MULT3,577,1539,-1.4153500076827275,577,385,0.5837128730632184,138.63248763071599,137.21713762303327,181.53277472920078,182.116487602264,-2.4148812196880622,2.415037499278844,0.000156279590781616,-0.5941013999533822
NAMED_871,871,57,0,577,289,145,433,867,1,2,2,1,1,1,1,1,1,1,"(3,1)",433,FOLD,2,1,145,B,289,867,NON3,MULT3,433,289,0.5832975322260463,433,145,1.57831412471179,137.21713762303327,137.80043515525932,182.116487602264,183.69480172697578,-0.41420429391875757,0.4150374992788439,0.0008332053600863418,-1.0083056938721398
NAMED_871,871,58,0,433,217,109,325,651,1,2,2,1,1,1,1,1,17,49,"(3,1)",325,FOLD,2,1,109,B,217,651,NON3,MULT3,325,217,0.5827446754713366,325,109,1.57611158313889,137.80043515525932,138.38317983073065,183.69480172697578,185.27091331011468,-0.41392730681090817,0.4150374992788439,0.0011101924679357003,-1.422233000683048
NAMED_871,871,59,0,325,163,41,61,489,1,3,4,1,1,1,5,5,5,5,"(3,1)",61,FOLD,2,1,41,B,163,489,NON3,MULT3,61,163,-1.4179908166681905,61,41,0.5731853329448029,138.38317983073065,136.96518901406247,185.27091331011468,185.84409864305948,-2.4135585703529303,2.415037499278844,0.0014789289259132977,-3.835791571035978
NAMED_871,871,60,0,61,31,1,23,93,1,6,3,1,1,1,5,13,29,61,"(3,1)",23,FOLD,2,1,1,B,31,93,NON3,MULT3,23,31,-0.43063435432986186,23,1,4.523561956057013,136.96518901406247,136.5345546597326,185.84409864305948,190.3676605991165,-1.4071753815058734,1.415037499278844,0.007862117772970424,-5.242966952541852
NAMED_871,871,61,0,23,3,13,35,9,3,1,1,3,2,3,7,7,23,23,"(3,1)",35,UP,3,0,3,A,3,9,NON3,MULT3,35,3,3.5443205162238103,35,3,3.5443205162238103,136.5345546597326,140.07887517595643,190.3676605991165,193.91198111534032,0.6057210608879537,-0.5849625007211561,0.020758560166797495,-4.6372458916538974
NAMED_871,871,62,0,35,9,19,53,27,2,1,1,2,2,3,3,3,3,35,"(3,1)",53,UP,3,0,9,A,9,27,NON3,MULT3,53,9,2.5579954531208866,53,9,2.5579954531208866,140.07887517595643,142.63687062907732,193.91198111534032,196.46997656846122,0.5986374376182326,-0.5849625007211561,0.013674936897076493,-4.038608454035665
NAMED_871,871,63,0,53,27,7,5,81,1,3,5,1,2,1,5,5,21,53,"(3,1)",5,FOLD,2,1,7,B,27,81,NON3,MULT3,5,27,-2.432959407276106,5,7,-0.485426827170242,142.63687062907732,140.2039112218012,196.46997656846122,195.98454974129098,-3.405992359675837,3.415037499278844,0.009045139603006985,-7.444600813711502
NAMED_871,871,64,0,5,3,1,1,9,1,3,4,1,2,1,5,5,5,5,"(3,1)",1,FOLD,2,1,1,B,3,9,NON3,MULT3,1,3,-1.584962500721156,1,1,0.0,140.2039112218012,138.61894872108005,195.98454974129098,195.98454974129098,-2.321928094887362,2.415037499278844,0.09310940439148145,-9.766528908598865
NAMED_871,871,65,1,1,1,1,1,3,1,2,2,1,1,1,1,1,1,1,"(3,1)",1,BOUNDARY,0,1,1,A,1,3,NON3,MULT3,1,1,0.0,1,1,0.0,138.61894872108005,138.61894872108005,195.98454974129098,195.98454974129098,0.0,0.0,0.0,-9.766528908598865
NAMED_6171,6171,0,0,6171,1543,3087,9257,4629,2,1,1,2,0,3,3,11,27,27,"(3,1)",9257,UP,3,0,1543,A,1543,4629,NON3,MULT3,9257,1543,2.584806660046862,9257,1543,2.584806660046862,0.0,2.584806660046862,0.0,2.584806660046862,0.5850404273715053,-0.5849625007211561,7.792665034909967e-05,0.5850404273715053
NAMED_6171,6171,1,0,9257,4629,2315,6943,13887,1,2,2,1,2,1,1,9,9,41,"(3,1)",6943,FOLD,2,1,2315,B,4629,13887,NON3,MULT3,6943,4629,0.5848586088087586,6943,2315,1.5845469779530497,2.584806660046862,3.1696652688556206,2.584806660046862,4.169353637999912,-0.41498555051694597,0.4150374992788439,5.1948761897685585e-05,0.17005487685455933
NAMED_6171,6171,2,0,6943,217,3473,10415,651,5,1,1,5,1,3,7,15,31,31,"(3,1)",10415,UP,3,0,217,A,217,651,NON3,MULT3,10415,217,5.584823986483529,10415,217,5.584823986483529,3.1696652688556206,8.754489255339148,4.169353637999912,9.75417762448344,0.5850317628273596,-0.5849625007211561,6.926210620354179e-05,0.7550866396819189
NAMED_6171,6171,3,0,10415,651,5209,15623,1953,4,1,1,4,2,3,7,15,15,47,"(3,1)",15623,UP,3,0,651,A,651,1953,NON3,MULT3,15623,651,4.5848701593737395,15623,651,4.5848701593737395,8.754489255339148,13.339359414712888,9.75417762448344,14.339047783857179,0.5850086736113649,-0.5849625007211561,4.617289020861365e-05,1.3400953132932838
NAMED_6171,6171,4,0,15623,1953,7813,23435,5859,3,1,1,3,2,3,7,7,7,7,"(3,1)",23435,UP,3,0,1953,A,1953,5859,NON3,MULT3,23435,1953,3.5849009404795957,23435,1953,3.5849009404795957,13.339359414712888,16.924260355192484,14.339047783857179,17.923948724336775,0.5849932818270127,-0.5849625007211561,3.078110585646395e-05,1.9250885951202965
NAMED_6171,6171,5,0,23435,5859,11719,35153,17577,2,1,1,2,2,3,3,11,11,11,"(3,1)",35153,UP,3,0,5859,A,5859,17577,NON3,MULT3,35153,5859,2.584921460851982,35153,5859,2.584921460851982,16.924260355192484,19.509181816044467,17.923948724336775,20.508870185188755,0.584983021093544,-0.5849625007211561,2.0520372387951143e-05,2.510071616213841
NAMED_6171,6171,6,0,35153,17577,8789,26365,52731,1,2,2,1,2,1,1,1,17,17,"(3,1)",26365,FOLD,2,1,8789,B,17577,52731,NON3,MULT3,26365,17577,0.5849351409380894,26365,8789,1.5848530647019192,19.509181816044467,20.094116956982557,20.508870185188755,22.093723249890672,-0.4150238191927358,0.4150374992788439,1.3680086107845112e-05,2.095047797021105
NAMED_6171,6171,7,0,26365,13183,103,9887,39549,1,8,3,1,1,1,5,13,29,61,"(3,1)",9887,FOLD,2,1,103,B,13183,39549,NON3,MULT3,9887,13183,-0.4150739784130959,9887,103,6.5848165897181605,20.094116956982557,19.679042978569463,22.093723249890672,28.67853983960883,-1.4150192593658157,1.415037499278844,1.823991302794262e-05,0.6800285376552895
NAMED_6171,6171,8,0,9887,309,4945,14831,927,5,1,1,5,2,3,7,15,31,31,"(3,1)",14831,UP,3,0,309,A,309,927,NON3,MULT3,14831,309,5.584865228358858,14831,309,5.584865228358858,19.679042978569463,25.26390820692832,28.67853983960883,34.26340506796769,0.5850111393618529,-0.5849625007211561,4.863864069665267e-05,1.2650396770171424
NAMED_6171,6171,9,0,14831,927,7417,22247,2781,4,1,1,4,2,3,7,15,15,47,"(3,1)",22247,UP,3,0,927,A,927,2781,NON3,MULT3,22247,927,4.584897653208351,22247,927,4.584897653208351,25.26390820692832,29.84880586013667,34.26340506796769,38.84830272117604,0.5849949255706499,-0.5849625007211561,3.2424849493820475e-05,1.8500346025877923
NAMED_6171,6171,10,0,22247,2781,11125,33371,8343,3,1,1,3,2,3,7,7,7,39,"(3,1)",33371,UP,3,0,2781,A,2781,8343,NON3,MULT3,33371,2781,3.5849192693698235,33371,2781,3.5849192693698235,29.84880586013667,33.4337251295065,38.84830272117604,42.43322199054586,0.5849841168826286,-0.5849625007211561,2.161616147246542e-05,2.435018719470421
NAMED_6171,6171,11,0,33371,8343,16687,50057,25029,2,1,1,2,2,3,3,11,27,27,"(3,1)",50057,UP,3,0,8343,A,8343,25029,NON3,MULT3,50057,8343,2.584933679964209,50057,8343,2.584933679964209,33.4337251295065,36.01865880947071,42.43322199054586,45.01815567051007,0.5849769113155405,-0.5849625007211561,1.4410594384232636e-05,3.0199956307859614
NAMED_6171,6171,12,0,50057,25029,12515,37543,75087,1,2,2,1,2,1,1,9,9,9,"(3,1)",37543,FOLD,2,1,12515,B,25029,75087,NON3,MULT3,37543,25029,0.5849432869471638,37543,12515,1.584885647160469,36.01865880947071,36.60360209641787,45.01815567051007,46.60304131767054,-0.4150278922958883,0.4150374992788439,9.606982955324236e-06,2.604967738490073
NAMED_6171,6171,13,0,37543,4693,18773,56315,14079,3,1,1,3,1,3,7,7,7,39,"(3,1)",56315,UP,3,0,4693,A,4693,14079,NON3,MULT3,56315,4693,3.58493688264015,56315,4693,3.58493688264015,36.60360209641787,40.18853897905802,46.60304131767054,50.18797820031069,0.5849753099322501,-0.5849625007211561,1.280921109385125e-05,3.189943048422323
NAMED_6171,6171,14,0,56315,14079,28159,84473,42237,2,1,1,2,2,3,3,11,27,59,"(3,1)",84473,UP,3,0,14079,A,14079,42237,NON3,MULT3,84473,14079,2.5849454220510317,84473,14079,2.5849454220510317,40.18853897905802,42.77348440110906,50.18797820031069,52.772923622361716,0.5849710401320365,-0.5849625007211561,8.539410880298056e-06,3.7749140885543593
NAMED_6171,6171,15,0,84473,42237,21119,63355,126711,1,2,2,1,2,1,1,9,25,57,"(3,1)",63355,FOLD,2,1,21119,B,42237,126711,NON3,MULT3,63355,42237,0.5849511149635358,63355,21119,1.5849169582298046,42.77348440110906,43.358435516072596,52.772923622361716,54.35784058059152,-0.4150318063663374,0.4150374992788439,5.692912506195426e-06,3.359882282188022
NAMED_6171,6171,16,0,63355,15839,31679,95033,47517,2,1,1,2,1,3,3,11,27,59,"(3,1)",95033,UP,3,0,15839,A,15839,47517,NON3,MULT3,95033,15839,2.584947319810837,95033,15839,2.584947319810837,43.358435516072596,45.94338283588343,54.35784058059152,56.94278790040236,0.5849700912362201,-0.5849625007211561,7.5905150638792334e-06,3.944852373424242
NAMED_6171,6171,17,0,95033,47517,23759,71275,142551,1,2,2,1,2,1,1,9,25,57,"(3,1)",71275,FOLD,2,1,23759,B,47517,142551,NON3,MULT3,71275,47517,0.5849523801320249,71275,23759,1.5849220187906052,45.94338283588343,46.528335216015456,56.94278790040236,58.527709919192965,-0.4150324389576545,0.4150374992788439,5.060321189273458e-06,3.5298199344665875
NAMED_6171,6171,18,0,71275,17819,35639,106913,53457,2,1,1,2,1,3,3,11,11,43,"(3,1)",106913,UP,3,0,17819,A,17819,53457,NON3,MULT3,106913,17819,2.5849490066811995,106913,17819,2.5849490066811995,46.528335216015456,49.113284222696656,58.527709919192965,61.112658925874165,0.5849692477884652,-0.5849625007211561,6.7470673091167195e-06,4.114789182255053
NAMED_6171,6171,19,0,106913,53457,26729,80185,160371,1,2,2,1,2,1,1,1,1,33,"(3,1)",80185,FOLD,2,1,26729,B,53457,160371,NON3,MULT3,80185,53457,0.5849535047085404,80185,26729,1.5849265170072666,49.113284222696656,49.6982377274052,61.112658925874165,62.69758544288143,-0.4150330012515011,0.4150374992788439,4.498027342662944e-06,3.6997561810035515
NAMED_6171,6171,20,0,80185,40093,20047,60139,120279,1,2,2,1,1,1,1,9,25,57,"(3,1)",60139,FOLD,2,1,20047,B,40093,120279,NON3,MULT3,60139,40093,0.5849505060999984,60139,20047,1.5849145228348576,49.6982377274052,50.2831882335052,62.69758544288143,64.28249996571628,-0.41503150193086835,0.4150374992788439,5.997347975471656e-06,3.284724679072683
NAMED_6171,6171,21,0,60139,15035,30071,90209,45105,2,1,1,2,1,3,3,11,11,43,"(3,1)",90209,UP,3,0,15035,A,15035,45105,NON3,MULT3,90209,15035,2.5849465080037497,90209,15035,2.5849465080037497,50.2831882335052,52.86813474150895,64.28249996571628,66.86744647372004,0.5849704971463416,-0.5849625007211561,7.996425185365991e-06,3.869695176219025
NAMED_6171,6171,22,0,90209,45105,22553,67657,135315,1,2,2,1,2,1,1,1,1,33,"(3,1)",67657,FOLD,2,1,22553,B,45105,135315,NON3,MULT3,67657,45105,0.5849518389292516,67657,22553,1.58491985402628,52.86813474150895,53.4530865804382,66.86744647372004,68.45236632774632,-0.41503216835334333,0.4150374992788439,5.330925500667366e-06,3.4546630078656815
NAMED_6171,6171,23,0,67657,33829,16915,50743,101487,1,2,2,1,1,1,1,9,9,9,"(3,1)",50743,FOLD,2,1,16915,B,33829,101487,NON3,MULT3,50743,33829,0.5849482850861616,50743,16915,1.5849056390216028,53.4530865804382,54.03803486552437,68.45236632774632,70.03727196676792,-0.41503039140881826,0.4150374992788439,7.107870025488194e-06,3.0396326164568634
NAMED_6171,6171,24,0,50743,6343,25373,76115,19029,3,1,1,3,1,3,7,7,23,55,"(3,1)",76115,UP,3,0,6343,A,6343,19029,NON3,MULT3,76115,6343,3.584943546696799,76115,6343,3.584943546696799,54.03803486552437,57.622978412221165,70.03727196676792,73.62221551346471,0.5849719778267164,-0.5849625007211561,9.477105560223253e-06,3.62460459428358
NAMED_6171,6171,25,0,76115,19029,38059,114173,57087,2,1,1,2,2,3,3,3,19,19,"(3,1)",114173,UP,3,0,19029,A,19029,57087,NON3,MULT3,114173,19029,2.5849498647325877,114173,19029,2.5849498647325877,57.622978412221165,60.20792827695375,73.62221551346471,76.2071653781973,0.5849688187569435,-0.5849625007211561,6.318035787436458e-06,4.209573413040523
NAMED_6171,6171,26,0,114173,57087,223,42815,171261,1,9,3,1,2,1,5,13,29,61,"(3,1)",42815,FOLD,2,1,223,B,57087,171261,NON3,MULT3,42815,57087,-0.41504592325892453,42815,223,7.584928805095952,60.20792827695375,59.79288235369483,76.2071653781973,83.79209418329326,-1.4150332872703568,1.415037499278844,4.212008486678992e-06,2.7945401257701663
NAMED_6171,6171,27,0,42815,669,21409,64223,2007,6,1,1,6,2,3,7,15,31,63,"(3,1)",64223,UP,3,0,669,A,669,2007,NON3,MULT3,64223,669,6.584940037058464,64223,669,6.584940037058464,59.79288235369483,66.3778223907533,83.79209418329326,90.37703422035172,0.5849737326836688,-0.5849625007211561,1.1231962512352396e-05,3.3795138584538353
NAMED_6171,6171,28,0,64223,2007,32113,96335,6021,5,1,1,5,2,3,7,15,31,31,"(3,1)",96335,UP,3,0,2007,A,2007,6021,NON3,MULT3,96335,2007,5.5849475249848926,96335,2007,5.5849475249848926,66.3778223907533,71.96276991573819,90.37703422035172,95.96198174533662,0.5849699886475841,-0.5849625007211561,7.4879264277632565e-06,3.9644838471014197
NAMED_6171,6171,29,0,96335,6021,48169,144503,18063,4,1,1,4,2,3,7,15,15,15,"(3,1)",144503,UP,3,0,6021,A,6021,18063,NON3,MULT3,144503,6021,4.584952516914253,144503,6021,4.584952516914253,71.96276991573819,76.54772243265245,95.96198174533662,100.54693426225087,0.5849674926505171,-0.5849625007211561,4.991929360848936e-06,4.549451339751936
NAMED_6171,6171,30,0,144503,18063,72253,216755,54189,3,1,1,3,2,3,7,7,23,55,"(3,1)",216755,UP,3,0,18063,A,18063,54189,NON3,MULT3,216755,18063,3.5849558448575625,216755,18063,3.5849558448575625,76.54772243265245,80.13267827751001,100.54693426225087,104.13189010710843,0.5849658286644674,-0.5849625007211561,3.327943311099335e-06,5.1344171684164035
NAMED_6171,6171,31,0,216755,54189,108379,325133,162567,2,1,1,2,2,3,3,3,19,51,"(3,1)",325133,UP,3,0,54189,A,54189,162567,NON3,MULT3,325133,54189,2.5849580634821727,325133,54189,2.5849580634821727,80.13267827751001,82.71763634099219,104.13189010710843,106.71684817059061,0.5849647193457654,-0.5849625007211561,2.218624609465286e-06,5.719381887762169
NAMED_6171,6171,32,0,325133,162567,20321,121925,487701,1,4,3,1,2,1,5,13,13,13,"(3,1)",121925,FOLD,2,1,20321,B,162567,487701,NON3,MULT3,121925,162567,-0.41504045743664975,121925,20321,2.584950668126327,82.71763634099219,82.30259588355554,106.71684817059061,109.30179883871693,-1.4150360201976664,1.415037499278844,1.4790811774299683e-06,4.3043458675645025
NAMED_6171,6171,33,0,121925,60963,15241,22861,182889,1,3,4,1,2,1,5,5,5,5,"(3,1)",22861,FOLD,2,1,15241,B,60963,182889,NON3,MULT3,22861,60963,-1.4150453876646143,22861,15241,0.5849309474368667,82.30259588355554,80.88755049589092,109.30179883871693,109.88672978615381,-2.415033555069784,2.415037499278844,3.944209059626111e-06,1.8893123124947184
NAMED_6171,6171,34,0,22861,11431,1429,8573,34293,1,4,3,1,1,1,5,13,13,13,"(3,1)",8573,FOLD,2,1,1429,B,11431,34293,NON3,MULT3,8573,11431,-0.4150795695577969,8573,1429,2.584794226965686,80.88755049589092,80.47247092633313,109.88672978615381,112.47152401311949,-1.415016463679306,1.415037499278844,2.1035599538140655e-05,0.47429584881541254
NAMED_6171,6171,35,0,8573,4287,67,3215,12861,1,7,3,1,2,1,5,13,29,61,"(3,1)",3215,FOLD,2,1,67,B,4287,12861,NON3,MULT3,3215,4287,-0.4151496796016634,3215,67,5.584513831757537,80.47247092633313,80.05732124673146,112.47152401311949,118.05603784487703,-1.4149814058461927,1.415037499278844,5.609343265110337e-05,-0.9406855570307802
NAMED_6171,6171,36,0,3215,201,1609,4823,603,4,1,1,4,2,3,7,15,15,15,"(3,1)",4823,UP,3,0,201,A,201,603,NON3,MULT3,4823,201,4.584663403582966,4823,201,4.584663403582966,80.05732124673146,84.64198465031443,118.05603784487703,122.64070124845999,0.5851120725465857,-0.5849625007211561,0.00014957182542945933,-0.35557348448419446
NAMED_6171,6171,37,0,4823,603,2413,7235,1809,3,1,1,3,2,3,7,7,23,23,"(3,1)",7235,UP,3,0,603,A,603,1809,NON3,MULT3,7235,603,3.5847631095190025,7235,603,3.5847631095190025,84.64198465031443,88.22674775983343,122.64070124845999,126.22546435797899,0.5850622066571916,-0.5849625007211561,9.970593603521992e-05,0.2294887221729971
NAMED_6171,6171,38,0,7235,1809,3619,10853,5427,2,1,1,2,2,3,3,3,3,3,"(3,1)",10853,UP,3,0,1809,A,1809,5427,NON3,MULT3,10853,1809,2.5848295763150286,10853,1809,2.5848295763150286,88.22674775983343,90.81157733614846,126.22546435797899,128.810293934294,0.5850289675171823,-0.5849625007211561,6.646679602622857e-05,0.8145176896901793
NAMED_6171,6171,39,0,10853,5427,1357,2035,16281,1,3,4,1,2,1,5,5,5,37,"(3,1)",2035,FOLD,2,1,1357,B,5427,16281,NON3,MULT3,2035,5427,-1.4151261141887872,2035,1357,0.5846080737347545,90.81157733614846,89.39645122195967,128.810293934294,129.39490200802877,-2.4149931897826598,2.415037499278844,4.43094961838681e-05,-1.6004755000924804
NAMED_6171,6171,40,0,2035,509,1019,3053,1527,2,1,1,2,1,3,3,3,19,51,"(3,1)",3053,UP,3,0,509,A,509,1527,NON3,MULT3,3053,509,2.584490028131084,3053,509,2.584490028131084,89.39645122195967,91.98094125009075,129.39490200802877,131.97939203615985,0.5851987950531705,-0.5849625007211561,0.00023629433201454697,-1.01527670503931
NAMED_6171,6171,41,0,3053,1527,191,1145,4581,1,4,3,1,2,1,5,13,13,45,"(3,1)",1145,FOLD,2,1,191,B,1527,4581,NON3,MULT3,1145,1527,-0.4153524638125443,1145,191,2.5837030549485585,91.98094125009075,91.56558878627821,131.97939203615985,134.5630950911084,-1.4148799912224737,1.415037499278844,0.00015750805637015924,-2.4301566962617835
NAMED_6171,6171,42,0,1145,573,287,859,1719,1,2,2,1,2,1,1,9,25,57,"(3,1)",859,FOLD,2,1,287,B,573,1719,NON3,MULT3,859,573,0.5841229923815572,859,287,1.5816073944627753,91.56558878627821,92.14971177865976,134.5630950911084,136.14470248557117,-0.41461756184584275,0.4150374992788439,0.00041993743300121426,-2.844774258107626
NAMED_6171,6171,43,0,859,215,431,1289,645,2,1,1,2,1,3,3,11,27,27,"(3,1)",1289,UP,3,0,215,A,215,645,NON3,MULT3,1289,215,2.583843698772191,1289,215,2.583843698772191,92.14971177865976,94.73355547743195,136.14470248557117,138.72854618434337,0.5855222272231873,-0.5849625007211561,0.0005597265020311348,-2.259252030884439
NAMED_6171,6171,44,0,1289,645,323,967,1935,1,2,2,1,2,1,1,9,9,9,"(3,1)",967,FOLD,2,1,323,B,645,1935,NON3,MULT3,967,645,0.5842167291662257,967,323,1.581981724782917,94.73355547743195,95.31777220659818,138.72854618434337,140.31052790912628,-0.4146644688848098,0.4150374992788439,0.00037303039403391194,-2.673916499769249
NAMED_6171,6171,45,0,967,121,485,1451,363,3,1,1,3,1,3,7,7,7,7,"(3,1)",1451,UP,3,0,121,A,121,363,NON3,MULT3,1451,121,3.5839685667921497,1451,121,3.5839685667921497,95.31777220659818,98.90174077339033,140.31052790912628,143.89449647591843,0.5854597245899031,-0.5849625007211561,0.0004972238687469624,-2.0884567751793455
NAMED_6171,6171,46,0,1451,363,727,2177,1089,2,1,1,2,2,3,3,11,11,43,"(3,1)",2177,UP,3,0,363,A,363,1089,NON3,MULT3,2177,363,2.5842999541924563,2177,363,2.5842999541924563,98.90174077339033,101.48604072758279,143.89449647591843,146.4787964301109,0.5852938881214622,-0.5849625007211561,0.0003313874003061358,-1.5031628870578833
NAMED_6171,6171,47,0,2177,1089,545,1633,3267,1,2,2,1,2,1,1,1,1,1,"(3,1)",1633,FOLD,2,1,545,B,1089,3267,NON3,MULT3,1633,1089,0.5845208368447885,1633,545,1.5831966558974067,101.48604072758279,102.07056156442758,146.4787964301109,148.0619930860083,-0.4148166166265117,0.4150374992788439,0.00022088265233207095,-1.917979503684395
NAMED_6171,6171,48,0,1633,817,409,1225,2451,1,2,2,1,1,1,1,1,1,33,"(3,1)",1225,FOLD,2,1,409,B,817,2451,NON3,MULT3,1225,817,0.5843737657442496,1225,409,1.5826090009481835,102.07056156442758,102.65493533017182,148.0619930860083,149.6446020869565,-0.4147430416717621,0.4150374992788439,0.0002944576070818554,-2.332722545356157
NAMED_6171,6171,49,0,1225,613,307,919,1839,1,2,2,1,1,1,1,9,9,9,"(3,1)",919,FOLD,2,1,307,B,613,1839,NON3,MULT3,919,613,0.5841777875982537,919,307,1.5818262059188566,102.65493533017182,103.23911311777007,149.6446020869565,151.22642829287534,-0.41464498260089844,0.4150374992788439,0.0003925166779453088,-2.7473675279570555
NAMED_6171,6171,50,0,919,115,461,1379,345,3,1,1,3,1,3,7,7,23,23,"(3,1)",1379,UP,3,0,115,A,115,345,NON3,MULT3,1379,115,3.5839166905696063,1379,115,3.5839166905696063,103.23911311777007,106.82302980833968,151.22642829287534,154.81034498344493,0.5854856902249459,-0.5849625007211561,0.0005231895037897845,-2.1618818377321096
NAMED_6171,6171,51,0,1379,345,691,2069,1035,2,1,1,2,2,3,3,3,3,35,"(3,1)",2069,UP,3,0,345,A,345,1035,NON3,MULT3,2069,345,2.584265378194477,2069,345,2.584265378194477,106.82302980833968,109.40729518653416,154.81034498344493,157.39461036163942,0.5853111883460291,-0.5849625007211561,0.00034868762487304597,-1.5765706493860805
NAMED_6171,6171,52,0,2069,1035,259,97,3105,1,3,6,1,2,1,5,5,21,21,"(3,1)",97,FOLD,2,1,259,B,1035,3105,NON3,MULT3,97,1035,-3.41550221019956,97,259,-1.416895445499427,109.40729518653416,105.9917929763346,157.39461036163942,155.97771491614,-4.414805087672882,4.415037499278844,0.0002324116059620477,-5.991375737058962
NAMED_6171,6171,53,0,97,49,25,73,147,1,2,2,1,1,1,1,1,1,33,"(3,1)",73,FOLD,2,1,25,B,49,147,NON3,MULT3,73,49,0.5751147147648092,73,25,1.5459683691052932,105.9917929763346,106.5669076910994,155.97771491614,157.52368328524528,-0.41008828330711045,0.4150374992788439,0.004949215971733351,-6.401464020366072
NAMED_6171,6171,54,0,73,37,19,55,111,1,2,2,1,1,1,1,9,9,9,"(3,1)",55,FOLD,2,1,19,B,37,111,NON3,MULT3,55,37,0.5719063478957098,55,19,1.5334322000810747,106.5669076910994,107.13881403899511,157.52368328524528,159.05711548532636,-0.40846484535535765,0.4150374992788439,0.006572653923486113,-6.80992886572143
NAMED_6171,6171,55,0,55,7,29,83,21,3,1,1,3,1,3,7,7,23,55,"(3,1)",83,UP,3,0,7,A,7,21,NON3,MULT3,83,7,3.5676845092893203,83,7,3.5676845092893203,107.13881403899511,110.70649854828443,159.05711548532636,162.62479999461567,0.593679717822265,-0.5849625007211561,0.008717217101109027,-6.216249147899164
NAMED_6171,6171,56,0,83,21,43,125,63,2,1,1,2,2,3,3,3,19,19,"(3,1)",125,UP,3,0,21,A,21,63,NON3,MULT3,125,21,2.5734668618833263,125,21,2.5734668618833263,110.70649854828443,113.27996541016776,162.62479999461567,165.198266856499,0.5907448533151625,-0.5849625007211561,0.005782352594006178,-5.625504294584002
NAMED_6171,6171,57,0,125,63,1,47,189,1,7,3,1,2,1,5,13,29,61,"(3,1)",47,FOLD,2,1,1,B,63,189,NON3,MULT3,47,63,-0.42269107182227916,47,1,5.554588851677638,113.27996541016776,112.85727433834548,165.198266856499,170.75285570817664,-1.4111954329844496,1.415037499278844,0.003842066294394044,-7.036699727568451
NAMED_6171,6171,58,0,47,3,25,71,9,4,1,1,4,2,3,7,15,15,47,"(3,1)",71,UP,3,0,3,A,3,9,NON3,MULT3,71,3,4.564784618783526,71,3,4.564784618783526,112.85727433834548,117.422058957129,170.75285570817664,175.31764032696017,0.5951582678270448,-0.5849625007211561,0.010195767105888364,-6.441541459741407
NAMED_6171,6171,59,0,71,9,37,107,27,3,1,1,3,2,3,7,7,7,7,"(3,1)",107,UP,3,0,9,A,9,27,NON3,MULT3,107,9,3.5715419849588352,107,9,3.5715419849588352,117.422058957129,120.99360094208784,175.31764032696017,178.889182311919,0.5917198668964649,-0.5849625007211561,0.006757366175308802,-5.8498215928449415
NAMED_6171,6171,60,0,107,27,55,161,81,2,1,1,2,2,3,3,11,11,43,"(3,1)",161,UP,3,0,27,A,27,81,NON3,MULT3,161,27,2.5760293759511486,161,27,2.5760293759511486,120.99360094208784,123.56963031803899,178.889182311919,181.46521168787015,0.5894498917134701,-0.5849625007211561,0.004487390992313691,-5.260371701131471
NAMED_6171,6171,61,0,161,81,41,121,243,1,2,2,1,2,1,1,1,1,33,"(3,1)",121,FOLD,2,1,41,B,81,243,NON3,MULT3,121,81,0.5790132343899703,121,41,1.5613112326565108,123.56963031803899,124.14864355242896,181.46521168787015,183.02652292052667,-0.4120536408400226,0.4150374992788439,0.00298385843882141,-5.672425341971493
NAMED_6171,6171,62,0,121,61,31,91,183,1,2,2,1,1,1,1,9,25,57,"(3,1)",91,FOLD,2,1,31,B,61,183,NON3,MULT3,91,61,0.5770573026358097,91,31,1.5535983298118214,124.14864355242896,124.72570085506477,183.02652292052667,184.5801212503385,-0.41106859707589805,0.4150374992788439,0.0039689022029454546,-6.083493939047392
NAMED_6171,6171,63,0,91,23,47,137,69,2,1,1,2,1,3,3,11,27,27,"(3,1)",137,UP,3,0,23,A,23,69,NON3,MULT3,137,23,2.5744701269035133,137,23,2.5744701269035133,124.72570085506477,127.30017098196828,184.5801212503385,187.154591377242,0.5902374427618304,-0.5849625007211561,0.005274942040674248,-5.493256496285561
NAMED_6171,6171,64,0,137,69,35,103,207,1,2,2,1,2,1,1,9,9,9,"(3,1)",103,FOLD,2,1,35,B,69,207,NON3,MULT3,103,69,0.5779760704050494,103,35,1.5572175102382522,127.30017098196828,127.87814705237332,187.154591377242,188.71180888748026,-0.4115315557773085,0.4150374992788439,0.0035059435015356395,-5.9047880520628695
NAMED_6171,6171,65,0,103,13,53,155,39,3,1,1,3,1,3,7,7,7,39,"(3,1)",155,UP,3,0,13,A,13,39,NON3,MULT3,155,13,3.5756846871331454,155,13,3.5756846871331454,127.87814705237332,131.45383173950646,188.71180888748026,192.2874935746134,0.5896238780910192,-0.5849625007211561,0.004661377369863099,-5.3151641739718505
NAMED_6171,6171,66,0,155,39,79,233,117,2,1,1,2,2,3,3,11,27,27,"(3,1)",233,UP,3,0,39,A,39,117,NON3,MULT3,233,39,2.578783925792032,233,39,2.578783925792032,131.45383173950646,134.0326156652985,192.2874935746134,194.86627750040543,0.5880617393800427,-0.5849625007211561,0.00309923865888656,-4.727102434591808
NAMED_6171,6171,67,0,233,117,59,175,351,1,2,2,1,2,1,1,9,9,41,"(3,1)",175,FOLD,2,1,59,B,117,351,NON3,MULT3,175,117,0.5808463922489242,175,59,1.5685680624704874,134.0326156652985,134.61346205754742,194.86627750040543,196.43484556287592,-0.41297503282195147,0.4150374992788439,0.0020624664568923198,-5.14007746741376
NAMED_6171,6171,68,0,175,11,89,263,33,4,1,1,4,1,3,7,15,15,47,"(3,1)",263,UP,3,0,11,A,11,33,NON3,MULT3,263,11,4.579487370655005,263,11,4.579487370655005,134.61346205754742,139.19294942820244,196.43484556287592,201.01433293353094,0.5877078774599735,-0.5849625007211561,0.0027453767388172924,-4.552369589953786
NAMED_6171,6171,69,0,263,33,133,395,99,3,1,1,3,2,3,7,7,7,7,"(3,1)",395,UP,3,0,33,A,33,99,NON3,MULT3,395,33,3.5813147237060123,395,33,3.5813147237060123,139.19294942820244,142.77426415190845,201.01433293353094,204.59564765723695,0.586789853772163,-0.5849625007211561,0.001827353051006809,-3.965579736181623
NAMED_6171,6171,70,0,395,99,199,593,297,2,1,1,2,2,3,3,11,11,11,"(3,1)",593,UP,3,0,99,A,99,297,NON3,MULT3,593,99,2.582531674466394,593,99,2.582531674466394,142.77426415190845,145.35679582637485,204.59564765723695,207.17817933170335,0.5861794514815384,-0.5849625007211561,0.0012169507603823108,-3.379400284700085
NAMED_6171,6171,71,0,593,297,149,445,891,1,2,2,1,2,1,1,1,17,17,"(3,1)",445,FOLD,2,1,149,B,297,891,NON3,MULT3,445,297,0.5833424050529938,445,149,1.578493005391599,145.35679582637485,145.94013823142785,207.17817933170335,208.75667233709495,-0.4142267686922434,0.4150374992788439,0.000810730586600256,-3.793627053392328
NAMED_6171,6171,72,0,445,223,7,167,669,1,6,3,1,1,1,5,13,29,61,"(3,1)",167,FOLD,2,1,7,B,223,669,NON3,MULT3,167,223,-0.41719560744625284,167,7,4.576349370416448,145.94013823142785,145.5229426239816,208.75667233709495,213.3330217075114,-1.413957233379708,1.415037499278844,0.0010802658991358788,-5.207584286772036
NAMED_6171,6171,73,0,167,21,85,251,63,3,1,1,3,2,3,7,7,7,39,"(3,1)",251,UP,3,0,21,A,21,63,NON3,MULT3,251,21,3.5792261311720113,251,21,3.5792261311720113,145.5229426239816,149.10216875515363,213.3330217075114,216.9122478386834,0.5878392614767198,-0.5849625007211561,0.002876760755563661,-4.619745025295316
NAMED_6171,6171,74,0,251,63,127,377,189,2,1,1,2,2,3,3,11,27,59,"(3,1)",377,UP,3,0,63,A,63,189,NON3,MULT3,377,63,2.581140789768747,377,63,2.581140789768747,149.10216875515363,151.68330954492237,216.9122478386834,219.49338862845215,0.5868771593178923,-0.5849625007211561,0.001914658596736107,-4.0328678659774235
NAMED_6171,6171,75,0,377,189,95,283,567,1,2,2,1,2,1,1,9,25,57,"(3,1)",283,FOLD,2,1,95,B,189,567,NON3,MULT3,283,189,0.5824158186108095,283,95,1.5748026345009345,151.68330954492237,152.26572536353316,219.49338862845215,221.0681912629531,-0.41376247043678194,0.4150374992788439,0.0012750288420617212,-4.446630336414206
NAMED_6171,6171,76,0,283,71,143,425,213,2,1,1,2,1,3,3,11,27,27,"(3,1)",425,UP,3,0,71,A,71,213,NON3,MULT3,425,71,2.581571911520382,425,71,2.581571911520382,152.26572536353316,154.84729727505353,221.0681912629531,223.64976317447346,0.5866607881931818,-0.5849625007211561,0.0016982874720256138,-3.8599695482210237
NAMED_6171,6171,77,0,425,213,107,319,639,1,2,2,1,2,1,1,9,9,41,"(3,1)",319,FOLD,2,1,107,B,213,639,NON3,MULT3,319,213,0.5827029935390309,319,107,1.5759456273637218,154.84729727505353,155.43000026859258,223.64976317447346,225.2257088018372,-0.4139064172601947,0.4150374992788439,0.0011310820186490233,-4.273875965481219
NAMED_6171,6171,78,0,319,5,161,479,15,6,1,1,6,1,3,7,15,31,63,"(3,1)",479,UP,3,0,5,A,5,15,NON3,MULT3,479,5,6.581953750848818,479,5,6.581953750848818,155.43000026859258,162.0119540194414,225.2257088018372,231.807662552686,0.5864692319713107,-0.5849625007211561,0.00150673125015464,-3.687406733509908
NAMED_6171,6171,79,0,479,15,241,719,45,5,1,1,5,2,3,7,15,31,31,"(3,1)",719,UP,3,0,15,A,15,45,NON3,MULT3,719,15,5.582957364830778,719,15,5.582957364830778,162.0119540194414,167.59491138427217,231.807662552686,237.39061991751677,0.5859661147031177,-0.5849625007211561,0.0010036139819614802,-3.1014406188067905
NAMED_6171,6171,80,0,719,45,361,1079,135,4,1,1,4,2,3,7,15,15,15,"(3,1)",1079,UP,3,0,45,A,45,135,NON3,MULT3,1079,45,4.5836260531583415,1079,45,4.5836260531583415,167.59491138427217,172.17853743743052,237.39061991751677,241.97424597067513,0.5856311890487191,-0.5849625007211561,0.0006686883275628174,-2.5158094297580713
NAMED_6171,6171,81,0,1079,135,541,1619,405,3,1,1,3,2,3,7,7,23,55,"(3,1)",1619,UP,3,0,135,A,135,405,NON3,MULT3,1619,135,3.584071673251736,1619,135,3.584071673251736,172.17853743743052,175.76260911068226,241.97424597067513,245.55831764392687,0.585408120814549,-0.5849625007211561,0.0004456200933928937,-1.9304013089435224
NAMED_6171,6171,82,0,1619,405,811,2429,1215,2,1,1,2,2,3,3,3,19,19,"(3,1)",2429,UP,3,0,405,A,405,1215,NON3,MULT3,2429,405,2.5843686768638765,2429,405,2.5843686768638765,175.76260911068226,178.34697778754614,245.55831764392687,248.14268632079074,0.5852595043332991,-0.5849625007211561,0.0002970036121428721,-1.3451418046102233
NAMED_6171,6171,83,0,2429,1215,19,911,3645,1,7,3,1,2,1,5,13,29,61,"(3,1)",911,FOLD,2,1,19,B,1215,3645,NON3,MULT3,911,1215,-0.41543335469109266,911,19,5.583379730358466,178.34697778754614,177.93154443285505,248.14268632079074,253.72606605114922,-1.4148395308338142,1.415037499278844,0.00019796844502952557,-2.7599813354440377
NAMED_6171,6171,84,0,911,57,457,1367,171,4,1,1,4,2,3,7,15,15,15,"(3,1)",1367,UP,3,0,57,A,57,171,NON3,MULT3,1367,57,4.583907513441318,1367,57,4.583907513441318,177.93154443285505,182.51545194629637,253.72606605114922,258.30997356459056,0.5854902838040092,-0.5849625007211561,0.000527783082853132,-2.1744910516400284
NAMED_6171,6171,85,0,1367,171,685,2051,513,3,1,1,3,2,3,7,7,23,23,"(3,1)",2051,UP,3,0,171,A,171,513,NON3,MULT3,2051,171,3.584259261593954,2051,171,3.584259261593954,182.51545194629637,186.09971120789032,258.30997356459056,261.8942328261845,0.5853142488737921,-0.5849625007211561,0.0003517481526356517,-1.5891768027662363
NAMED_6171,6171,86,0,2051,513,1027,3077,1539,2,1,1,2,2,3,3,3,3,3,"(3,1)",3077,UP,3,0,513,A,513,1539,NON3,MULT3,3077,513,2.5844937127264913,3077,513,2.5844937127264913,186.09971120789032,188.68420492061682,261.8942328261845,264.478726538911,0.5851969518536928,-0.5849625007211561,0.0002344511325365936,-1.0039798509125435
NAMED_6171,6171,87,0,3077,1539,385,577,4617,1,3,4,1,2,1,5,5,5,5,"(3,1)",577,FOLD,2,1,385,B,1539,4617,NON3,MULT3,577,1539,-1.4153500076827275,577,385,0.5837128730632184,188.68420492061682,187.2688549129341,264.478726538911,265.06243941197425,-2.4148812196880622,2.415037499278844,0.000156279590781616,-3.418861070600606
NAMED_6171,6171,88,0,577,289,145,433,867,1,2,2,1,1,1,1,1,1,1,"(3,1)",433,FOLD,2,1,145,B,289,867,NON3,MULT3,433,289,0.5832975322260463,433,145,1.57831412471179,187.2688549129341,187.85215244516016,265.06243941197425,266.640753536686,-0.41420429391875757,0.4150374992788439,0.0008332053600863418,-3.8330653645193635
NAMED_6171,6171,89,0,433,217,109,325,651,1,2,2,1,1,1,1,1,17,49,"(3,1)",325,FOLD,2,1,109,B,217,651,NON3,MULT3,325,217,0.5827446754713366,325,109,1.57611158313889,187.85215244516016,188.4348971206315,266.640753536686,268.2168651198249,-0.41392730681090817,0.4150374992788439,0.0011101924679357003,-4.246992671330272
NAMED_6171,6171,90,0,325,163,41,61,489,1,3,4,1,1,1,5,5,5,5,"(3,1)",61,FOLD,2,1,41,B,163,489,NON3,MULT3,61,163,-1.4179908166681905,61,41,0.5731853329448029,188.4348971206315,187.0169063039633,268.2168651198249,268.7900504527697,-2.4135585703529303,2.415037499278844,0.0014789289259132977,-6.660551241683202
NAMED_6171,6171,91,0,61,31,1,23,93,1,6,3,1,1,1,5,13,29,61,"(3,1)",23,FOLD,2,1,1,B,31,93,NON3,MULT3,23,31,-0.43063435432986186,23,1,4.523561956057013,187.0169063039633,186.58627194963344,268.7900504527697,273.3136124088267,-1.4071753815058734,1.415037499278844,0.007862117772970424,-8.067726623189076
NAMED_6171,6171,92,0,23,3,13,35,9,3,1,1,3,2,3,7,7,23,23,"(3,1)",35,UP,3,0,3,A,3,9,NON3,MULT3,35,3,3.5443205162238103,35,3,3.5443205162238103,186.58627194963344,190.13059246585726,273.3136124088267,276.85793292505053,0.6057210608879537,-0.5849625007211561,0.020758560166797495,-7.4620055623011226
NAMED_6171,6171,93,0,35,9,19,53,27,2,1,1,2,2,3,3,3,3,35,"(3,1)",53,UP,3,0,9,A,9,27,NON3,MULT3,53,9,2.5579954531208866,53,9,2.5579954531208866,190.13059246585726,192.68858791897816,276.85793292505053,279.41592837817143,0.5986374376182326,-0.5849625007211561,0.013674936897076493,-6.86336812468289
NAMED_6171,6171,94,0,53,27,7,5,81,1,3,5,1,2,1,5,5,21,53,"(3,1)",5,FOLD,2,1,7,B,27,81,NON3,MULT3,5,27,-2.432959407276106,5,7,-0.485426827170242,192.68858791897816,190.25562851170204,279.41592837817143,278.9305015510012,-3.405992359675837,3.415037499278844,0.009045139603006985,-10.269360484358728
NAMED_6171,6171,95,0,5,3,1,1,9,1,3,4,1,2,1,5,5,5,5,"(3,1)",1,FOLD,2,1,1,B,3,9,NON3,MULT3,1,3,-1.584962500721156,1,1,0.0,190.25562851170204,188.67066601098088,278.9305015510012,278.9305015510012,-2.321928094887362,2.415037499278844,0.09310940439148145,-12.59128857924609
NAMED_6171,6171,96,1,1,1,1,1,3,1,2,2,1,1,1,1,1,1,1,"(3,1)",1,BOUNDARY,0,1,1,A,1,3,NON3,MULT3,1,1,0.0,1,1,0.0,188.67066601098088,188.67066601098088,278.9305015510012,278.9305015510012,0.0,0.0,0.0,-12.59128857924609
