scope,start_n,length,total_windows,alphabet_1_2_windows,critical_sturmian_windows,sturmian_complexity,max_critical_alphabet_run,max_critical_grammar_run,first_break_type
NAMED_27,27,8,34,13,0,9,17,6,CRITICAL_FORBIDDEN_GRAMMAR
NAMED_27,27,16,26,2,0,17,17,6,CRITICAL_FORBIDDEN_GRAMMAR
NAMED_27,27,32,10,0,0,33,17,6,CRITICAL_FORBIDDEN_GRAMMAR
NAMED_27,27,64,0,0,0,65,17,6,CRITICAL_FORBIDDEN_GRAMMAR
NAMED_97,97,8,36,10,0,9,14,6,CRITICAL_FORBIDDEN_GRAMMAR
NAMED_97,97,16,28,0,0,17,14,6,CRITICAL_FORBIDDEN_GRAMMAR
NAMED_97,97,32,12,0,0,33,14,6,CRITICAL_FORBIDDEN_GRAMMAR
NAMED_97,97,64,0,0,0,65,14,6,CRITICAL_FORBIDDEN_GRAMMAR
NAMED_871,871,8,58,13,0,9,15,5,CRITICAL_FORBIDDEN_GRAMMAR
NAMED_871,871,16,50,0,0,17,15,5,CRITICAL_FORBIDDEN_GRAMMAR
NAMED_871,871,32,34,0,0,33,15,5,CRITICAL_FORBIDDEN_GRAMMAR
NAMED_871,871,64,2,0,0,65,15,5,CRITICAL_FORBIDDEN_GRAMMAR
NAMED_6171,6171,8,89,24,2,9,18,9,CRITICAL_FORBIDDEN_GRAMMAR
NAMED_6171,6171,16,81,3,0,17,18,9,CRITICAL_FORBIDDEN_GRAMMAR
NAMED_6171,6171,32,65,0,0,33,18,9,CRITICAL_FORBIDDEN_GRAMMAR
NAMED_6171,6171,64,33,0,0,65,18,9,CRITICAL_FORBIDDEN_GRAMMAR
TIER_B_TOP100_CRITICAL_LIKE,683943,8,69,15,7,9,16,14,CRITICAL_FORBIDDEN_GRAMMAR
TIER_B_TOP100_CRITICAL_LIKE,683943,16,61,1,0,17,16,14,CRITICAL_FORBIDDEN_GRAMMAR
TIER_B_TOP100_CRITICAL_LIKE,683943,32,45,0,0,33,16,14,CRITICAL_FORBIDDEN_GRAMMAR
TIER_B_TOP100_CRITICAL_LIKE,683943,64,13,0,0,65,16,14,CRITICAL_FORBIDDEN_GRAMMAR
TIER_B_TOP100_CRITICAL_LIKE,978991,8,61,20,6,9,15,13,CRITICAL_FORBIDDEN_GRAMMAR
TIER_B_TOP100_CRITICAL_LIKE,978991,16,53,0,0,17,15,13,CRITICAL_FORBIDDEN_GRAMMAR
TIER_B_TOP100_CRITICAL_LIKE,978991,32,37,0,0,33,15,13,CRITICAL_FORBIDDEN_GRAMMAR
TIER_B_TOP100_CRITICAL_LIKE,978991,64,5,0,0,65,15,13,CRITICAL_FORBIDDEN_GRAMMAR
TIER_B_TOP100_CRITICAL_LIKE,954963,8,68,21,6,9,25,13,DEEP_FOLD
TIER_B_TOP100_CRITICAL_LIKE,954963,16,60,10,0,17,25,13,DEEP_FOLD
TIER_B_TOP100_CRITICAL_LIKE,954963,32,44,0,0,33,25,13,DEEP_FOLD
TIER_B_TOP100_CRITICAL_LIKE,954963,64,12,0,0,65,25,13,DEEP_FOLD
TIER_B_TOP100_CRITICAL_LIKE,954961,8,68,21,6,9,25,13,DEEP_FOLD
TIER_B_TOP100_CRITICAL_LIKE,954961,16,60,10,0,17,25,13,DEEP_FOLD
TIER_B_TOP100_CRITICAL_LIKE,954961,32,44,0,0,33,25,13,DEEP_FOLD
TIER_B_TOP100_CRITICAL_LIKE,954961,64,12,0,0,65,25,13,DEEP_FOLD
TIER_B_TOP100_CRITICAL_LIKE,906469,8,63,22,6,9,26,13,DEEP_FOLD
TIER_B_TOP100_CRITICAL_LIKE,906469,16,55,11,0,17,26,13,DEEP_FOLD
TIER_B_TOP100_CRITICAL_LIKE,906469,32,39,0,0,33,26,13,DEEP_FOLD
TIER_B_TOP100_CRITICAL_LIKE,906469,64,7,0,0,65,26,13,DEEP_FOLD
TIER_B_TOP100_CRITICAL_LIKE,894265,8,75,21,6,9,25,13,CRITICAL_FORBIDDEN_GRAMMAR
TIER_B_TOP100_CRITICAL_LIKE,894265,16,67,10,0,17,25,13,CRITICAL_FORBIDDEN_GRAMMAR
TIER_B_TOP100_CRITICAL_LIKE,894265,32,51,0,0,33,25,13,CRITICAL_FORBIDDEN_GRAMMAR
TIER_B_TOP100_CRITICAL_LIKE,894265,64,19,0,0,65,25,13,CRITICAL_FORBIDDEN_GRAMMAR
TIER_B_TOP100_CRITICAL_LIKE,860445,8,58,17,6,9,21,13,DEEP_FOLD
TIER_B_TOP100_CRITICAL_LIKE,860445,16,50,6,0,17,21,13,DEEP_FOLD
TIER_B_TOP100_CRITICAL_LIKE,860445,32,34,0,0,33,21,13,DEEP_FOLD
TIER_B_TOP100_CRITICAL_LIKE,860445,64,2,0,0,65,21,13,DEEP_FOLD
TIER_B_TOP100_CRITICAL_LIKE,856831,8,82,23,6,9,19,13,CRITICAL_FORBIDDEN_GRAMMAR
TIER_B_TOP100_CRITICAL_LIKE,856831,16,74,4,0,17,19,13,CRITICAL_FORBIDDEN_GRAMMAR
TIER_B_TOP100_CRITICAL_LIKE,856831,32,58,0,0,33,19,13,CRITICAL_FORBIDDEN_GRAMMAR
TIER_B_TOP100_CRITICAL_LIKE,856831,64,26,0,0,65,19,13,CRITICAL_FORBIDDEN_GRAMMAR
TIER_B_TOP100_CRITICAL_LIKE,848855,8,70,21,6,9,25,13,CRITICAL_FORBIDDEN_GRAMMAR
TIER_B_TOP100_CRITICAL_LIKE,848855,16,62,10,0,17,25,13,CRITICAL_FORBIDDEN_GRAMMAR
TIER_B_TOP100_CRITICAL_LIKE,848855,32,46,0,0,33,25,13,CRITICAL_FORBIDDEN_GRAMMAR
TIER_B_TOP100_CRITICAL_LIKE,848855,64,14,0,0,65,25,13,CRITICAL_FORBIDDEN_GRAMMAR
TIER_B_TOP100_CRITICAL_LIKE,805751,8,65,21,6,9,25,13,CRITICAL_FORBIDDEN_GRAMMAR
TIER_B_TOP100_CRITICAL_LIKE,805751,16,57,10,0,17,25,13,CRITICAL_FORBIDDEN_GRAMMAR
TIER_B_TOP100_CRITICAL_LIKE,805751,32,41,0,0,33,25,13,CRITICAL_FORBIDDEN_GRAMMAR
TIER_B_TOP100_CRITICAL_LIKE,805751,64,9,0,0,65,25,13,CRITICAL_FORBIDDEN_GRAMMAR
TIER_B_TOP100_CRITICAL_LIKE,764837,8,60,19,6,9,23,13,DEEP_FOLD
TIER_B_TOP100_CRITICAL_LIKE,764837,16,52,8,0,17,23,13,DEEP_FOLD
TIER_B_TOP100_CRITICAL_LIKE,764837,32,36,0,0,33,23,13,DEEP_FOLD
TIER_B_TOP100_CRITICAL_LIKE,764837,64,4,0,0,65,23,13,DEEP_FOLD
TIER_B_TOP100_CRITICAL_LIKE,761627,8,84,25,6,9,21,13,CRITICAL_FORBIDDEN_GRAMMAR
TIER_B_TOP100_CRITICAL_LIKE,761627,16,76,6,0,17,21,13,CRITICAL_FORBIDDEN_GRAMMAR
TIER_B_TOP100_CRITICAL_LIKE,761627,32,60,0,0,33,21,13,CRITICAL_FORBIDDEN_GRAMMAR
TIER_B_TOP100_CRITICAL_LIKE,761627,64,28,0,0,65,21,13,CRITICAL_FORBIDDEN_GRAMMAR
TIER_B_TOP100_CRITICAL_LIKE,754537,8,72,21,6,9,25,13,CRITICAL_FORBIDDEN_GRAMMAR
TIER_B_TOP100_CRITICAL_LIKE,754537,16,64,10,0,17,25,13,CRITICAL_FORBIDDEN_GRAMMAR
TIER_B_TOP100_CRITICAL_LIKE,754537,32,48,0,0,33,25,13,CRITICAL_FORBIDDEN_GRAMMAR
TIER_B_TOP100_CRITICAL_LIKE,754537,64,16,0,0,65,25,13,CRITICAL_FORBIDDEN_GRAMMAR
TIER_B_TOP100_CRITICAL_LIKE,716221,8,67,21,6,9,25,13,DEEP_FOLD
TIER_B_TOP100_CRITICAL_LIKE,716221,16,59,10,0,17,25,13,DEEP_FOLD
TIER_B_TOP100_CRITICAL_LIKE,716221,32,43,0,0,33,25,13,DEEP_FOLD
TIER_B_TOP100_CRITICAL_LIKE,716221,64,11,0,0,65,25,13,DEEP_FOLD
TIER_B_TOP100_CRITICAL_LIKE,679853,8,62,21,6,9,25,13,DEEP_FOLD
TIER_B_TOP100_CRITICAL_LIKE,679853,16,54,10,0,17,25,13,DEEP_FOLD
TIER_B_TOP100_CRITICAL_LIKE,679853,32,38,0,0,33,25,13,DEEP_FOLD
TIER_B_TOP100_CRITICAL_LIKE,679853,64,6,0,0,65,25,13,DEEP_FOLD
TIER_B_TOP100_CRITICAL_LIKE,677001,8,86,27,6,9,23,13,CRITICAL_FORBIDDEN_GRAMMAR
TIER_B_TOP100_CRITICAL_LIKE,677001,16,78,8,0,17,23,13,CRITICAL_FORBIDDEN_GRAMMAR
TIER_B_TOP100_CRITICAL_LIKE,677001,32,62,0,0,33,23,13,CRITICAL_FORBIDDEN_GRAMMAR
TIER_B_TOP100_CRITICAL_LIKE,677001,64,30,0,0,65,23,13,CRITICAL_FORBIDDEN_GRAMMAR
TIER_B_TOP100_CRITICAL_LIKE,670699,8,74,21,6,9,25,13,CRITICAL_FORBIDDEN_GRAMMAR
TIER_B_TOP100_CRITICAL_LIKE,670699,16,66,10,0,17,25,13,CRITICAL_FORBIDDEN_GRAMMAR
TIER_B_TOP100_CRITICAL_LIKE,670699,32,50,0,0,33,25,13,CRITICAL_FORBIDDEN_GRAMMAR
TIER_B_TOP100_CRITICAL_LIKE,670699,64,18,0,0,65,25,13,CRITICAL_FORBIDDEN_GRAMMAR
TIER_B_TOP100_CRITICAL_LIKE,636641,8,69,21,6,9,25,13,CRITICAL_FORBIDDEN_GRAMMAR
TIER_B_TOP100_CRITICAL_LIKE,636641,16,61,10,0,17,25,13,CRITICAL_FORBIDDEN_GRAMMAR
TIER_B_TOP100_CRITICAL_LIKE,636641,32,45,0,0,33,25,13,CRITICAL_FORBIDDEN_GRAMMAR
TIER_B_TOP100_CRITICAL_LIKE,636641,64,13,0,0,65,25,13,CRITICAL_FORBIDDEN_GRAMMAR
TIER_B_TOP100_CRITICAL_LIKE,604313,8,64,21,6,9,25,13,DEEP_FOLD
TIER_B_TOP100_CRITICAL_LIKE,604313,16,56,10,0,17,25,13,DEEP_FOLD
TIER_B_TOP100_CRITICAL_LIKE,604313,32,40,0,0,33,25,13,DEEP_FOLD
TIER_B_TOP100_CRITICAL_LIKE,604313,64,8,0,0,65,25,13,DEEP_FOLD
TIER_B_TOP100_CRITICAL_LIKE,573629,8,59,18,6,9,22,13,DEEP_FOLD
TIER_B_TOP100_CRITICAL_LIKE,573629,16,51,7,0,17,22,13,DEEP_FOLD
TIER_B_TOP100_CRITICAL_LIKE,573629,32,35,0,0,33,22,13,DEEP_FOLD
TIER_B_TOP100_CRITICAL_LIKE,573629,64,3,0,0,65,22,13,DEEP_FOLD
TIER_B_TOP100_CRITICAL_LIKE,565903,8,71,21,6,9,25,13,CRITICAL_FORBIDDEN_GRAMMAR
TIER_B_TOP100_CRITICAL_LIKE,565903,16,63,10,0,17,25,13,CRITICAL_FORBIDDEN_GRAMMAR
TIER_B_TOP100_CRITICAL_LIKE,565903,32,47,0,0,33,25,13,CRITICAL_FORBIDDEN_GRAMMAR
TIER_B_TOP100_CRITICAL_LIKE,565903,64,15,0,0,65,25,13,CRITICAL_FORBIDDEN_GRAMMAR
TIER_B_TOP100_CRITICAL_LIKE,537167,8,66,21,6,9,25,13,CRITICAL_FORBIDDEN_GRAMMAR
TIER_B_TOP100_CRITICAL_LIKE,537167,16,58,10,0,17,25,13,CRITICAL_FORBIDDEN_GRAMMAR
TIER_B_TOP100_CRITICAL_LIKE,537167,32,42,0,0,33,25,13,CRITICAL_FORBIDDEN_GRAMMAR
TIER_B_TOP100_CRITICAL_LIKE,537167,64,10,0,0,65,25,13,CRITICAL_FORBIDDEN_GRAMMAR
TIER_B_TOP100_CRITICAL_LIKE,509891,8,61,19,6,9,23,13,DEEP_FOLD
TIER_B_TOP100_CRITICAL_LIKE,509891,16,53,8,0,17,23,13,DEEP_FOLD
TIER_B_TOP100_CRITICAL_LIKE,509891,32,37,0,0,33,23,13,DEEP_FOLD
TIER_B_TOP100_CRITICAL_LIKE,509891,64,5,0,0,65,23,13,DEEP_FOLD
TIER_B_TOP100_CRITICAL_LIKE,507751,8,85,26,6,9,22,13,CRITICAL_FORBIDDEN_GRAMMAR
TIER_B_TOP100_CRITICAL_LIKE,507751,16,77,7,0,17,22,13,CRITICAL_FORBIDDEN_GRAMMAR
TIER_B_TOP100_CRITICAL_LIKE,507751,32,61,0,0,33,22,13,CRITICAL_FORBIDDEN_GRAMMAR
TIER_B_TOP100_CRITICAL_LIKE,507751,64,29,0,0,65,22,13,CRITICAL_FORBIDDEN_GRAMMAR
TIER_B_TOP100_CRITICAL_LIKE,477481,8,68,21,6,9,25,13,CRITICAL_FORBIDDEN_GRAMMAR
TIER_B_TOP100_CRITICAL_LIKE,477481,16,60,10,0,17,25,13,CRITICAL_FORBIDDEN_GRAMMAR
TIER_B_TOP100_CRITICAL_LIKE,477481,32,44,0,0,33,25,13,CRITICAL_FORBIDDEN_GRAMMAR
TIER_B_TOP100_CRITICAL_LIKE,477481,64,12,0,0,65,25,13,CRITICAL_FORBIDDEN_GRAMMAR
TIER_B_TOP100_CRITICAL_LIKE,453235,8,63,21,6,9,25,13,DEEP_FOLD
TIER_B_TOP100_CRITICAL_LIKE,453235,16,55,10,0,17,25,13,DEEP_FOLD
TIER_B_TOP100_CRITICAL_LIKE,453235,32,39,0,0,33,25,13,DEEP_FOLD
TIER_B_TOP100_CRITICAL_LIKE,453235,64,7,0,0,65,25,13,DEEP_FOLD
TIER_B_TOP100_CRITICAL_LIKE,424427,8,70,21,6,9,25,13,CRITICAL_FORBIDDEN_GRAMMAR
TIER_B_TOP100_CRITICAL_LIKE,424427,16,62,10,0,17,25,13,CRITICAL_FORBIDDEN_GRAMMAR
TIER_B_TOP100_CRITICAL_LIKE,424427,32,46,0,0,33,25,13,CRITICAL_FORBIDDEN_GRAMMAR
TIER_B_TOP100_CRITICAL_LIKE,424427,64,14,0,0,65,25,13,CRITICAL_FORBIDDEN_GRAMMAR
TIER_B_TOP100_CRITICAL_LIKE,402875,8,65,21,6,9,25,13,DEEP_FOLD
TIER_B_TOP100_CRITICAL_LIKE,402875,16,57,10,0,17,25,13,DEEP_FOLD
TIER_B_TOP100_CRITICAL_LIKE,402875,32,41,0,0,33,25,13,DEEP_FOLD
TIER_B_TOP100_CRITICAL_LIKE,402875,64,9,0,0,65,25,13,DEEP_FOLD
TIER_B_TOP100_CRITICAL_LIKE,382419,8,60,18,6,9,22,13,DEEP_FOLD
TIER_B_TOP100_CRITICAL_LIKE,382419,16,52,7,0,17,22,13,DEEP_FOLD
TIER_B_TOP100_CRITICAL_LIKE,382419,32,36,0,0,33,22,13,DEEP_FOLD
TIER_B_TOP100_CRITICAL_LIKE,382419,64,4,0,0,65,22,13,DEEP_FOLD
TIER_B_TOP100_CRITICAL_LIKE,358111,8,67,21,6,9,25,13,CRITICAL_FORBIDDEN_GRAMMAR
TIER_B_TOP100_CRITICAL_LIKE,358111,16,59,10,0,17,25,13,CRITICAL_FORBIDDEN_GRAMMAR
TIER_B_TOP100_CRITICAL_LIKE,358111,32,43,0,0,33,25,13,CRITICAL_FORBIDDEN_GRAMMAR
TIER_B_TOP100_CRITICAL_LIKE,358111,64,11,0,0,65,25,13,CRITICAL_FORBIDDEN_GRAMMAR
TIER_B_TOP100_CRITICAL_LIKE,339927,8,62,19,6,9,23,13,CRITICAL_FORBIDDEN_GRAMMAR
TIER_B_TOP100_CRITICAL_LIKE,339927,16,54,8,0,17,23,13,CRITICAL_FORBIDDEN_GRAMMAR
TIER_B_TOP100_CRITICAL_LIKE,339927,32,38,0,0,33,23,13,CRITICAL_FORBIDDEN_GRAMMAR
TIER_B_TOP100_CRITICAL_LIKE,339927,64,6,0,0,65,23,13,CRITICAL_FORBIDDEN_GRAMMAR
TIER_B_TOP100_CRITICAL_LIKE,322667,8,57,17,6,9,21,13,CRITICAL_FORBIDDEN_GRAMMAR
TIER_B_TOP100_CRITICAL_LIKE,322667,16,49,6,0,17,21,13,CRITICAL_FORBIDDEN_GRAMMAR
TIER_B_TOP100_CRITICAL_LIKE,322667,32,33,0,0,33,21,13,CRITICAL_FORBIDDEN_GRAMMAR
TIER_B_TOP100_CRITICAL_LIKE,322667,64,1,0,0,65,21,13,CRITICAL_FORBIDDEN_GRAMMAR
TIER_B_TOP100_CRITICAL_LIKE,282951,8,71,22,6,9,25,13,CRITICAL_FORBIDDEN_GRAMMAR
TIER_B_TOP100_CRITICAL_LIKE,282951,16,63,10,0,17,25,13,CRITICAL_FORBIDDEN_GRAMMAR
TIER_B_TOP100_CRITICAL_LIKE,282951,32,47,0,0,33,25,13,CRITICAL_FORBIDDEN_GRAMMAR
TIER_B_TOP100_CRITICAL_LIKE,282951,64,15,0,0,65,25,13,CRITICAL_FORBIDDEN_GRAMMAR
TIER_B_TOP100_CRITICAL_LIKE,268583,8,66,21,6,9,25,13,CRITICAL_FORBIDDEN_GRAMMAR
TIER_B_TOP100_CRITICAL_LIKE,268583,16,58,10,0,17,25,13,CRITICAL_FORBIDDEN_GRAMMAR
TIER_B_TOP100_CRITICAL_LIKE,268583,32,42,0,0,33,25,13,CRITICAL_FORBIDDEN_GRAMMAR
TIER_B_TOP100_CRITICAL_LIKE,268583,64,10,0,0,65,25,13,CRITICAL_FORBIDDEN_GRAMMAR
TIER_B_TOP100_CRITICAL_LIKE,254945,8,61,21,6,9,25,13,CRITICAL_FORBIDDEN_GRAMMAR
TIER_B_TOP100_CRITICAL_LIKE,254945,16,53,10,0,17,25,13,CRITICAL_FORBIDDEN_GRAMMAR
TIER_B_TOP100_CRITICAL_LIKE,254945,32,37,0,0,33,25,13,CRITICAL_FORBIDDEN_GRAMMAR
TIER_B_TOP100_CRITICAL_LIKE,254945,64,5,0,0,65,25,13,CRITICAL_FORBIDDEN_GRAMMAR
TIER_B_TOP100_CRITICAL_LIKE,226617,8,63,23,6,9,27,13,CRITICAL_FORBIDDEN_GRAMMAR
TIER_B_TOP100_CRITICAL_LIKE,226617,16,55,12,0,17,27,13,CRITICAL_FORBIDDEN_GRAMMAR
TIER_B_TOP100_CRITICAL_LIKE,226617,32,39,0,0,33,27,13,CRITICAL_FORBIDDEN_GRAMMAR
TIER_B_TOP100_CRITICAL_LIKE,226617,64,7,0,0,65,27,13,CRITICAL_FORBIDDEN_GRAMMAR
TIER_B_TOP100_CRITICAL_LIKE,215111,8,58,18,6,9,22,13,CRITICAL_FORBIDDEN_GRAMMAR
TIER_B_TOP100_CRITICAL_LIKE,215111,16,50,7,0,17,22,13,CRITICAL_FORBIDDEN_GRAMMAR
TIER_B_TOP100_CRITICAL_LIKE,215111,32,34,0,0,33,22,13,CRITICAL_FORBIDDEN_GRAMMAR
TIER_B_TOP100_CRITICAL_LIKE,215111,64,2,0,0,65,22,13,CRITICAL_FORBIDDEN_GRAMMAR
TIER_B_TOP100_CRITICAL_LIKE,191209,8,60,20,6,9,24,13,CRITICAL_FORBIDDEN_GRAMMAR
TIER_B_TOP100_CRITICAL_LIKE,191209,16,52,9,0,17,24,13,CRITICAL_FORBIDDEN_GRAMMAR
TIER_B_TOP100_CRITICAL_LIKE,191209,32,36,0,0,33,24,13,CRITICAL_FORBIDDEN_GRAMMAR
TIER_B_TOP100_CRITICAL_LIKE,191209,64,4,0,0,65,24,13,CRITICAL_FORBIDDEN_GRAMMAR
TIER_B_TOP100_CRITICAL_LIKE,179055,8,67,21,6,9,25,13,CRITICAL_FORBIDDEN_GRAMMAR
TIER_B_TOP100_CRITICAL_LIKE,179055,16,59,10,0,17,25,13,CRITICAL_FORBIDDEN_GRAMMAR
TIER_B_TOP100_CRITICAL_LIKE,179055,32,43,0,0,33,25,13,CRITICAL_FORBIDDEN_GRAMMAR
TIER_B_TOP100_CRITICAL_LIKE,179055,64,11,0,0,65,25,13,CRITICAL_FORBIDDEN_GRAMMAR
TIER_B_TOP100_CRITICAL_LIKE,169963,8,62,22,6,9,26,13,CRITICAL_FORBIDDEN_GRAMMAR
TIER_B_TOP100_CRITICAL_LIKE,169963,16,54,11,0,17,26,13,CRITICAL_FORBIDDEN_GRAMMAR
TIER_B_TOP100_CRITICAL_LIKE,169963,32,38,0,0,33,26,13,CRITICAL_FORBIDDEN_GRAMMAR
TIER_B_TOP100_CRITICAL_LIKE,169963,64,6,0,0,65,26,13,CRITICAL_FORBIDDEN_GRAMMAR
TIER_B_TOP100_CRITICAL_LIKE,143407,8,59,19,6,9,23,13,CRITICAL_FORBIDDEN_GRAMMAR
TIER_B_TOP100_CRITICAL_LIKE,143407,16,51,8,0,17,23,13,CRITICAL_FORBIDDEN_GRAMMAR
TIER_B_TOP100_CRITICAL_LIKE,143407,32,35,0,0,33,23,13,CRITICAL_FORBIDDEN_GRAMMAR
TIER_B_TOP100_CRITICAL_LIKE,143407,64,3,0,0,65,23,13,CRITICAL_FORBIDDEN_GRAMMAR
TIER_B_TOP100_CRITICAL_LIKE,105579,8,46,9,6,9,15,13,CRITICAL_FORBIDDEN_GRAMMAR
TIER_B_TOP100_CRITICAL_LIKE,105579,16,38,0,0,17,15,13,CRITICAL_FORBIDDEN_GRAMMAR
TIER_B_TOP100_CRITICAL_LIKE,105579,32,22,0,0,33,15,13,CRITICAL_FORBIDDEN_GRAMMAR
TIER_B_TOP100_CRITICAL_LIKE,105579,64,0,0,0,65,15,13,CRITICAL_FORBIDDEN_GRAMMAR
TIER_B_TOP100_CRITICAL_LIKE,991393,8,51,17,5,9,17,12,CRITICAL_FORBIDDEN_GRAMMAR
TIER_B_TOP100_CRITICAL_LIKE,991393,16,43,2,0,17,17,12,CRITICAL_FORBIDDEN_GRAMMAR
TIER_B_TOP100_CRITICAL_LIKE,991393,32,27,0,0,33,17,12,CRITICAL_FORBIDDEN_GRAMMAR
TIER_B_TOP100_CRITICAL_LIKE,991393,64,0,0,0,65,17,12,CRITICAL_FORBIDDEN_GRAMMAR
TIER_B_TOP100_CRITICAL_LIKE,941051,8,46,12,5,9,12,12,DEEP_FOLD
TIER_B_TOP100_CRITICAL_LIKE,941051,16,38,0,0,17,12,12,DEEP_FOLD
TIER_B_TOP100_CRITICAL_LIKE,941051,32,22,0,0,33,12,12,DEEP_FOLD
TIER_B_TOP100_CRITICAL_LIKE,941051,64,0,0,0,65,12,12,DEEP_FOLD
TIER_B_TOP100_CRITICAL_LIKE,940799,8,92,19,6,9,14,12,CRITICAL_FORBIDDEN_GRAMMAR
TIER_B_TOP100_CRITICAL_LIKE,940799,16,84,0,0,17,14,12,CRITICAL_FORBIDDEN_GRAMMAR
TIER_B_TOP100_CRITICAL_LIKE,940799,32,68,0,0,33,14,12,CRITICAL_FORBIDDEN_GRAMMAR
TIER_B_TOP100_CRITICAL_LIKE,940799,64,36,0,0,65,14,12,CRITICAL_FORBIDDEN_GRAMMAR
TIER_B_TOP100_CRITICAL_LIKE,905209,8,75,19,7,9,15,12,CRITICAL_FORBIDDEN_GRAMMAR
TIER_B_TOP100_CRITICAL_LIKE,905209,16,67,0,0,17,15,12,CRITICAL_FORBIDDEN_GRAMMAR
TIER_B_TOP100_CRITICAL_LIKE,905209,32,51,0,0,33,15,12,CRITICAL_FORBIDDEN_GRAMMAR
TIER_B_TOP100_CRITICAL_LIKE,905209,64,19,0,0,65,15,12,CRITICAL_FORBIDDEN_GRAMMAR
TIER_B_TOP100_CRITICAL_LIKE,889819,8,51,8,5,9,14,12,CRITICAL_FORBIDDEN_GRAMMAR
TIER_B_TOP100_CRITICAL_LIKE,889819,16,43,0,0,17,14,12,CRITICAL_FORBIDDEN_GRAMMAR
TIER_B_TOP100_CRITICAL_LIKE,889819,32,27,0,0,33,14,12,CRITICAL_FORBIDDEN_GRAMMAR
TIER_B_TOP100_CRITICAL_LIKE,889819,64,0,0,0,65,14,12,CRITICAL_FORBIDDEN_GRAMMAR
TIER_B_TOP100_CRITICAL_LIKE,887289,8,94,25,5,9,26,12,CRITICAL_FORBIDDEN_GRAMMAR
TIER_B_TOP100_CRITICAL_LIKE,887289,16,86,11,0,17,26,12,CRITICAL_FORBIDDEN_GRAMMAR
TIER_B_TOP100_CRITICAL_LIKE,887289,32,70,0,0,33,26,12,CRITICAL_FORBIDDEN_GRAMMAR
TIER_B_TOP100_CRITICAL_LIKE,887289,64,38,0,0,65,26,12,CRITICAL_FORBIDDEN_GRAMMAR
TIER_B_TOP100_CRITICAL_LIKE,836489,8,48,14,5,9,14,12,CRITICAL_FORBIDDEN_GRAMMAR
TIER_B_TOP100_CRITICAL_LIKE,836489,16,40,0,0,17,14,12,CRITICAL_FORBIDDEN_GRAMMAR
TIER_B_TOP100_CRITICAL_LIKE,836489,32,24,0,0,33,14,12,CRITICAL_FORBIDDEN_GRAMMAR
TIER_B_TOP100_CRITICAL_LIKE,836489,64,0,0,0,65,14,12,CRITICAL_FORBIDDEN_GRAMMAR
TIER_B_TOP100_CRITICAL_LIKE,836265,8,94,21,6,9,14,12,CRITICAL_FORBIDDEN_GRAMMAR
TIER_B_TOP100_CRITICAL_LIKE,836265,16,86,0,0,17,14,12,CRITICAL_FORBIDDEN_GRAMMAR
TIER_B_TOP100_CRITICAL_LIKE,836265,32,70,0,0,33,14,12,CRITICAL_FORBIDDEN_GRAMMAR
TIER_B_TOP100_CRITICAL_LIKE,836265,64,38,0,0,65,14,12,CRITICAL_FORBIDDEN_GRAMMAR
TIER_B_TOP100_CRITICAL_LIKE,750785,8,48,8,5,9,14,12,DEEP_FOLD
TIER_B_TOP100_CRITICAL_LIKE,750785,16,40,0,0,17,14,12,DEEP_FOLD
TIER_B_TOP100_CRITICAL_LIKE,750785,32,24,0,0,33,14,12,DEEP_FOLD
TIER_B_TOP100_CRITICAL_LIKE,750785,64,0,0,0,65,14,12,DEEP_FOLD
TIER_B_TOP100_CRITICAL_LIKE,743545,8,50,16,5,9,16,12,CRITICAL_FORBIDDEN_GRAMMAR
TIER_B_TOP100_CRITICAL_LIKE,743545,16,42,1,0,17,16,12,CRITICAL_FORBIDDEN_GRAMMAR
TIER_B_TOP100_CRITICAL_LIKE,743545,32,26,0,0,33,16,12,CRITICAL_FORBIDDEN_GRAMMAR
TIER_B_TOP100_CRITICAL_LIKE,743545,64,0,0,0,65,16,12,CRITICAL_FORBIDDEN_GRAMMAR
TIER_B_TOP100_CRITICAL_LIKE,678907,8,74,18,6,9,14,12,CRITICAL_FORBIDDEN_GRAMMAR
TIER_B_TOP100_CRITICAL_LIKE,678907,16,66,0,0,17,14,12,CRITICAL_FORBIDDEN_GRAMMAR
TIER_B_TOP100_CRITICAL_LIKE,678907,32,50,0,0,33,14,12,CRITICAL_FORBIDDEN_GRAMMAR
TIER_B_TOP100_CRITICAL_LIKE,678907,64,18,0,0,65,14,12,CRITICAL_FORBIDDEN_GRAMMAR
TIER_B_TOP100_CRITICAL_LIKE,653729,8,57,22,5,9,17,12,CRITICAL_FORBIDDEN_GRAMMAR
TIER_B_TOP100_CRITICAL_LIKE,653729,16,49,3,0,17,17,12,CRITICAL_FORBIDDEN_GRAMMAR
TIER_B_TOP100_CRITICAL_LIKE,653729,32,33,0,0,33,17,12,CRITICAL_FORBIDDEN_GRAMMAR
TIER_B_TOP100_CRITICAL_LIKE,653729,64,1,0,0,65,17,12,CRITICAL_FORBIDDEN_GRAMMAR
TIER_B_TOP100_CRITICAL_LIKE,627367,8,47,13,5,9,13,12,CRITICAL_FORBIDDEN_GRAMMAR
TIER_B_TOP100_CRITICAL_LIKE,627367,16,39,0,0,17,13,12,CRITICAL_FORBIDDEN_GRAMMAR
TIER_B_TOP100_CRITICAL_LIKE,627367,32,23,0,0,33,13,12,CRITICAL_FORBIDDEN_GRAMMAR
TIER_B_TOP100_CRITICAL_LIKE,627367,64,0,0,0,65,13,12,CRITICAL_FORBIDDEN_GRAMMAR
TIER_B_TOP100_CRITICAL_LIKE,627199,8,93,20,6,9,14,12,CRITICAL_FORBIDDEN_GRAMMAR
TIER_B_TOP100_CRITICAL_LIKE,627199,16,85,0,0,17,14,12,CRITICAL_FORBIDDEN_GRAMMAR
TIER_B_TOP100_CRITICAL_LIKE,627199,32,69,0,0,33,14,12,CRITICAL_FORBIDDEN_GRAMMAR
TIER_B_TOP100_CRITICAL_LIKE,627199,64,37,0,0,65,14,12,CRITICAL_FORBIDDEN_GRAMMAR
TIER_B_TOP100_CRITICAL_LIKE,563089,8,47,8,5,9,14,12,DEEP_FOLD
TIER_B_TOP100_CRITICAL_LIKE,563089,16,39,0,0,17,14,12,DEEP_FOLD
TIER_B_TOP100_CRITICAL_LIKE,563089,32,23,0,0,33,14,12,DEEP_FOLD
TIER_B_TOP100_CRITICAL_LIKE,563089,64,0,0,0,65,14,12,DEEP_FOLD
TIER_B_TOP100_CRITICAL_LIKE,557659,8,49,15,5,9,15,12,CRITICAL_FORBIDDEN_GRAMMAR
TIER_B_TOP100_CRITICAL_LIKE,557659,16,41,0,0,17,15,12,CRITICAL_FORBIDDEN_GRAMMAR
TIER_B_TOP100_CRITICAL_LIKE,557659,32,25,0,0,33,15,12,CRITICAL_FORBIDDEN_GRAMMAR
TIER_B_TOP100_CRITICAL_LIKE,557659,64,0,0,0,65,15,12,CRITICAL_FORBIDDEN_GRAMMAR
TIER_B_TOP100_CRITICAL_LIKE,500523,8,49,8,5,9,14,12,DEEP_FOLD
TIER_B_TOP100_CRITICAL_LIKE,500523,16,41,0,0,17,14,12,DEEP_FOLD
TIER_B_TOP100_CRITICAL_LIKE,500523,32,25,0,0,33,14,12,DEEP_FOLD
TIER_B_TOP100_CRITICAL_LIKE,500523,64,0,0,0,65,14,12,DEEP_FOLD
TIER_B_TOP100_CRITICAL_LIKE,490297,8,56,21,5,9,16,12,CRITICAL_FORBIDDEN_GRAMMAR
TIER_B_TOP100_CRITICAL_LIKE,490297,16,48,2,0,17,16,12,CRITICAL_FORBIDDEN_GRAMMAR
TIER_B_TOP100_CRITICAL_LIKE,490297,32,32,0,0,33,16,12,CRITICAL_FORBIDDEN_GRAMMAR
TIER_B_TOP100_CRITICAL_LIKE,490297,64,0,0,0,65,16,12,CRITICAL_FORBIDDEN_GRAMMAR
TIER_B_TOP100_CRITICAL_LIKE,484001,8,56,16,5,9,20,12,CRITICAL_FORBIDDEN_GRAMMAR
TIER_B_TOP100_CRITICAL_LIKE,484001,16,48,5,0,17,20,12,CRITICAL_FORBIDDEN_GRAMMAR
TIER_B_TOP100_CRITICAL_LIKE,484001,32,32,0,0,33,20,12,CRITICAL_FORBIDDEN_GRAMMAR
TIER_B_TOP100_CRITICAL_LIKE,484001,64,0,0,0,65,20,12,CRITICAL_FORBIDDEN_GRAMMAR
TIER_B_TOP100_CRITICAL_LIKE,435819,8,58,23,5,9,18,12,CRITICAL_FORBIDDEN_GRAMMAR
TIER_B_TOP100_CRITICAL_LIKE,435819,16,50,4,0,17,18,12,CRITICAL_FORBIDDEN_GRAMMAR
TIER_B_TOP100_CRITICAL_LIKE,435819,32,34,0,0,33,18,12,CRITICAL_FORBIDDEN_GRAMMAR
TIER_B_TOP100_CRITICAL_LIKE,435819,64,2,0,0,65,18,12,CRITICAL_FORBIDDEN_GRAMMAR
TIER_B_TOP100_CRITICAL_LIKE,422317,8,46,8,5,9,14,12,DEEP_FOLD
TIER_B_TOP100_CRITICAL_LIKE,422317,16,38,0,0,17,14,12,DEEP_FOLD
TIER_B_TOP100_CRITICAL_LIKE,422317,32,22,0,0,33,14,12,DEEP_FOLD
TIER_B_TOP100_CRITICAL_LIKE,422317,64,0,0,0,65,14,12,DEEP_FOLD
TIER_B_TOP100_CRITICAL_LIKE,403323,8,53,8,5,9,12,12,DEEP_FOLD
TIER_B_TOP100_CRITICAL_LIKE,403323,16,45,0,0,17,12,12,DEEP_FOLD
TIER_B_TOP100_CRITICAL_LIKE,403323,32,29,0,0,33,12,12,DEEP_FOLD
TIER_B_TOP100_CRITICAL_LIKE,403323,64,0,0,0,65,12,12,DEEP_FOLD
TIER_B_TOP100_CRITICAL_LIKE,158369,8,45,8,5,9,14,12,CRITICAL_FORBIDDEN_GRAMMAR
TIER_B_TOP100_CRITICAL_LIKE,158369,16,37,0,0,17,14,12,CRITICAL_FORBIDDEN_GRAMMAR
TIER_B_TOP100_CRITICAL_LIKE,158369,32,21,0,0,33,14,12,CRITICAL_FORBIDDEN_GRAMMAR
TIER_B_TOP100_CRITICAL_LIKE,158369,64,0,0,0,65,14,12,CRITICAL_FORBIDDEN_GRAMMAR
TIER_B_TOP100_CRITICAL_LIKE,80697,8,93,19,5,9,14,12,CRITICAL_FORBIDDEN_GRAMMAR
TIER_B_TOP100_CRITICAL_LIKE,80697,16,85,0,0,17,14,12,CRITICAL_FORBIDDEN_GRAMMAR
TIER_B_TOP100_CRITICAL_LIKE,80697,32,69,0,0,33,14,12,CRITICAL_FORBIDDEN_GRAMMAR
TIER_B_TOP100_CRITICAL_LIKE,80697,64,37,0,0,65,14,12,CRITICAL_FORBIDDEN_GRAMMAR
TIER_B_TOP100_CRITICAL_LIKE,985865,8,68,12,4,9,14,11,CRITICAL_FORBIDDEN_GRAMMAR
TIER_B_TOP100_CRITICAL_LIKE,985865,16,60,0,0,17,14,11,CRITICAL_FORBIDDEN_GRAMMAR
TIER_B_TOP100_CRITICAL_LIKE,985865,32,44,0,0,33,14,11,CRITICAL_FORBIDDEN_GRAMMAR
TIER_B_TOP100_CRITICAL_LIKE,985865,64,12,0,0,65,14,11,CRITICAL_FORBIDDEN_GRAMMAR
TIER_B_TOP100_CRITICAL_LIKE,982975,8,97,26,4,9,21,11,CRITICAL_FORBIDDEN_GRAMMAR
TIER_B_TOP100_CRITICAL_LIKE,982975,16,89,7,0,17,21,11,CRITICAL_FORBIDDEN_GRAMMAR
TIER_B_TOP100_CRITICAL_LIKE,982975,32,73,0,0,33,21,11,CRITICAL_FORBIDDEN_GRAMMAR
TIER_B_TOP100_CRITICAL_LIKE,982975,64,41,0,0,65,21,11,CRITICAL_FORBIDDEN_GRAMMAR
TIER_B_TOP100_CRITICAL_LIKE,977333,8,32,10,5,9,17,11,DEEP_FOLD
TIER_B_TOP100_CRITICAL_LIKE,977333,16,24,2,0,17,17,11,DEEP_FOLD
TIER_B_TOP100_CRITICAL_LIKE,977333,32,8,0,0,33,17,11,DEEP_FOLD
TIER_B_TOP100_CRITICAL_LIKE,977333,64,0,0,0,65,17,11,DEEP_FOLD
TIER_B_TOP100_CRITICAL_LIKE,977233,8,80,19,4,9,14,11,DEEP_FOLD
TIER_B_TOP100_CRITICAL_LIKE,977233,16,72,0,0,17,14,11,DEEP_FOLD
TIER_B_TOP100_CRITICAL_LIKE,977233,32,56,0,0,33,14,11,DEEP_FOLD
TIER_B_TOP100_CRITICAL_LIKE,977233,64,24,0,0,65,14,11,DEEP_FOLD
TIER_B_TOP100_CRITICAL_LIKE,967393,8,68,23,4,9,16,11,CRITICAL_FORBIDDEN_GRAMMAR
TIER_B_TOP100_CRITICAL_LIKE,967393,16,60,1,0,17,16,11,CRITICAL_FORBIDDEN_GRAMMAR
TIER_B_TOP100_CRITICAL_LIKE,967393,32,44,0,0,33,16,11,CRITICAL_FORBIDDEN_GRAMMAR
TIER_B_TOP100_CRITICAL_LIKE,967393,64,12,0,0,65,16,11,CRITICAL_FORBIDDEN_GRAMMAR
TIER_B_TOP100_CRITICAL_LIKE,966015,8,80,18,4,9,14,11,CRITICAL_FORBIDDEN_GRAMMAR
TIER_B_TOP100_CRITICAL_LIKE,966015,16,72,0,0,17,14,11,CRITICAL_FORBIDDEN_GRAMMAR
TIER_B_TOP100_CRITICAL_LIKE,966015,32,56,0,0,33,14,11,CRITICAL_FORBIDDEN_GRAMMAR
TIER_B_TOP100_CRITICAL_LIKE,966015,64,24,0,0,65,14,11,CRITICAL_FORBIDDEN_GRAMMAR
TIER_B_TOP100_CRITICAL_LIKE,944199,8,63,14,4,9,14,11,CRITICAL_FORBIDDEN_GRAMMAR
TIER_B_TOP100_CRITICAL_LIKE,944199,16,55,0,0,17,14,11,CRITICAL_FORBIDDEN_GRAMMAR
TIER_B_TOP100_CRITICAL_LIKE,944199,32,39,0,0,33,14,11,CRITICAL_FORBIDDEN_GRAMMAR
TIER_B_TOP100_CRITICAL_LIKE,944199,64,7,0,0,65,14,11,CRITICAL_FORBIDDEN_GRAMMAR
TIER_B_TOP100_CRITICAL_LIKE,940775,8,75,12,4,9,11,11,CRITICAL_FORBIDDEN_GRAMMAR
TIER_B_TOP100_CRITICAL_LIKE,940775,16,67,0,0,17,11,11,CRITICAL_FORBIDDEN_GRAMMAR
TIER_B_TOP100_CRITICAL_LIKE,940775,32,51,0,0,33,11,11,CRITICAL_FORBIDDEN_GRAMMAR
TIER_B_TOP100_CRITICAL_LIKE,940775,64,19,0,0,65,11,11,CRITICAL_FORBIDDEN_GRAMMAR
TIER_B_TOP100_CRITICAL_LIKE,940153,8,104,39,4,9,35,11,CRITICAL_FORBIDDEN_GRAMMAR
TIER_B_TOP100_CRITICAL_LIKE,940153,16,96,20,0,17,35,11,CRITICAL_FORBIDDEN_GRAMMAR
TIER_B_TOP100_CRITICAL_LIKE,940153,32,80,4,0,33,35,11,CRITICAL_FORBIDDEN_GRAMMAR
TIER_B_TOP100_CRITICAL_LIKE,940153,64,48,0,0,65,35,11,CRITICAL_FORBIDDEN_GRAMMAR
TIER_B_TOP100_CRITICAL_LIKE,927611,8,75,16,4,9,13,11,DEEP_FOLD
TIER_B_TOP100_CRITICAL_LIKE,927611,16,67,0,0,17,13,11,DEEP_FOLD
TIER_B_TOP100_CRITICAL_LIKE,927611,32,51,0,0,33,13,11,DEEP_FOLD
TIER_B_TOP100_CRITICAL_LIKE,927611,64,19,0,0,65,13,11,DEEP_FOLD
TIER_B_TOP100_CRITICAL_LIKE,915211,8,39,10,5,9,17,11,DEEP_FOLD
TIER_B_TOP100_CRITICAL_LIKE,915211,16,31,2,0,17,17,11,DEEP_FOLD
TIER_B_TOP100_CRITICAL_LIKE,915211,32,15,0,0,33,17,11,DEEP_FOLD
TIER_B_TOP100_CRITICAL_LIKE,915211,64,0,0,0,65,17,11,DEEP_FOLD
TIER_B_TOP100_CRITICAL_LIKE,910209,8,27,5,4,9,12,11,CRITICAL_FORBIDDEN_GRAMMAR
TIER_B_TOP100_CRITICAL_LIKE,910209,16,19,0,0,17,12,11,CRITICAL_FORBIDDEN_GRAMMAR
TIER_B_TOP100_CRITICAL_LIKE,910209,32,3,0,0,33,12,11,CRITICAL_FORBIDDEN_GRAMMAR
TIER_B_TOP100_CRITICAL_LIKE,910209,64,0,0,0,65,12,11,CRITICAL_FORBIDDEN_GRAMMAR
TIER_B_TOP100_CRITICAL_LIKE,904615,8,87,26,4,9,22,11,CRITICAL_FORBIDDEN_GRAMMAR
TIER_B_TOP100_CRITICAL_LIKE,904615,16,79,7,0,17,22,11,CRITICAL_FORBIDDEN_GRAMMAR
TIER_B_TOP100_CRITICAL_LIKE,904615,32,63,0,0,33,22,11,CRITICAL_FORBIDDEN_GRAMMAR
TIER_B_TOP100_CRITICAL_LIKE,904615,64,31,0,0,65,22,11,CRITICAL_FORBIDDEN_GRAMMAR
TIER_B_TOP100_CRITICAL_LIKE,902923,8,75,18,4,9,14,11,DEEP_FOLD
TIER_B_TOP100_CRITICAL_LIKE,902923,16,67,0,0,17,14,11,DEEP_FOLD
TIER_B_TOP100_CRITICAL_LIKE,902923,32,51,0,0,33,14,11,DEEP_FOLD
TIER_B_TOP100_CRITICAL_LIKE,902923,64,19,0,0,65,14,11,DEEP_FOLD
TIER_B_TOP100_CRITICAL_LIKE,897043,8,75,20,4,9,16,11,DEEP_FOLD
TIER_B_TOP100_CRITICAL_LIKE,897043,16,67,1,0,17,16,11,DEEP_FOLD
TIER_B_TOP100_CRITICAL_LIKE,897043,32,51,0,0,33,16,11,DEEP_FOLD
TIER_B_TOP100_CRITICAL_LIKE,897043,64,19,0,0,65,16,11,DEEP_FOLD
TIER_B_TOP100_CRITICAL_LIKE,892011,8,51,8,4,9,13,11,CRITICAL_FORBIDDEN_GRAMMAR
TIER_B_TOP100_CRITICAL_LIKE,892011,16,43,0,0,17,13,11,CRITICAL_FORBIDDEN_GRAMMAR
TIER_B_TOP100_CRITICAL_LIKE,892011,32,27,0,0,33,13,11,CRITICAL_FORBIDDEN_GRAMMAR
TIER_B_TOP100_CRITICAL_LIKE,892011,64,0,0,0,65,13,11,CRITICAL_FORBIDDEN_GRAMMAR
TIER_B_TOP100_CRITICAL_LIKE,873755,8,99,28,4,9,21,11,CRITICAL_FORBIDDEN_GRAMMAR
TIER_B_TOP100_CRITICAL_LIKE,873755,16,91,7,0,17,21,11,CRITICAL_FORBIDDEN_GRAMMAR
TIER_B_TOP100_CRITICAL_LIKE,873755,32,75,0,0,33,21,11,CRITICAL_FORBIDDEN_GRAMMAR
TIER_B_TOP100_CRITICAL_LIKE,873755,64,43,0,0,65,21,11,CRITICAL_FORBIDDEN_GRAMMAR
TIER_B_TOP100_CRITICAL_LIKE,871639,8,58,20,4,9,16,11,CRITICAL_FORBIDDEN_GRAMMAR
TIER_B_TOP100_CRITICAL_LIKE,871639,16,50,1,0,17,16,11,CRITICAL_FORBIDDEN_GRAMMAR
TIER_B_TOP100_CRITICAL_LIKE,871639,32,34,0,0,33,16,11,CRITICAL_FORBIDDEN_GRAMMAR
TIER_B_TOP100_CRITICAL_LIKE,871639,64,2,0,0,65,16,11,CRITICAL_FORBIDDEN_GRAMMAR
TIER_B_TOP100_CRITICAL_LIKE,868743,8,34,9,5,9,16,11,CRITICAL_FORBIDDEN_GRAMMAR
TIER_B_TOP100_CRITICAL_LIKE,868743,16,26,1,0,17,16,11,CRITICAL_FORBIDDEN_GRAMMAR
TIER_B_TOP100_CRITICAL_LIKE,868743,32,10,0,0,33,16,11,CRITICAL_FORBIDDEN_GRAMMAR
TIER_B_TOP100_CRITICAL_LIKE,868743,64,0,0,0,65,16,11,CRITICAL_FORBIDDEN_GRAMMAR
TIER_B_TOP100_CRITICAL_LIKE,868741,8,34,8,5,9,15,11,DEEP_FOLD
TIER_B_TOP100_CRITICAL_LIKE,868741,16,26,0,0,17,15,11,DEEP_FOLD
TIER_B_TOP100_CRITICAL_LIKE,868741,32,10,0,0,33,15,11,DEEP_FOLD
TIER_B_TOP100_CRITICAL_LIKE,868741,64,0,0,0,65,15,11,DEEP_FOLD
TIER_B_TOP100_CRITICAL_LIKE,868739,8,34,10,5,9,17,11,DEEP_FOLD
TIER_B_TOP100_CRITICAL_LIKE,868739,16,26,2,0,17,17,11,DEEP_FOLD
TIER_B_TOP100_CRITICAL_LIKE,868739,32,10,0,0,33,17,11,DEEP_FOLD
TIER_B_TOP100_CRITICAL_LIKE,868739,64,0,0,0,65,17,11,DEEP_FOLD
TIER_B_TOP100_CRITICAL_LIKE,868651,8,82,19,4,9,14,11,DEEP_FOLD
TIER_B_TOP100_CRITICAL_LIKE,868651,16,74,0,0,17,14,11,DEEP_FOLD
TIER_B_TOP100_CRITICAL_LIKE,868651,32,58,0,0,33,14,11,DEEP_FOLD
TIER_B_TOP100_CRITICAL_LIKE,868651,64,26,0,0,65,14,11,DEEP_FOLD
TIER_B_TOP100_CRITICAL_LIKE,860771,8,94,18,4,9,14,11,DEEP_FOLD
TIER_B_TOP100_CRITICAL_LIKE,860771,16,86,0,0,17,14,11,DEEP_FOLD
TIER_B_TOP100_CRITICAL_LIKE,860771,32,70,0,0,33,14,11,DEEP_FOLD
TIER_B_TOP100_CRITICAL_LIKE,860771,64,38,0,0,65,14,11,DEEP_FOLD
TIER_B_TOP100_CRITICAL_LIKE,858679,8,82,24,4,9,20,11,CRITICAL_FORBIDDEN_GRAMMAR
TIER_B_TOP100_CRITICAL_LIKE,858679,16,74,5,0,17,20,11,CRITICAL_FORBIDDEN_GRAMMAR
TIER_B_TOP100_CRITICAL_LIKE,858679,32,58,0,0,33,20,11,CRITICAL_FORBIDDEN_GRAMMAR
TIER_B_TOP100_CRITICAL_LIKE,858679,64,26,0,0,65,20,11,CRITICAL_FORBIDDEN_GRAMMAR
TIER_B_TOP100_CRITICAL_LIKE,851493,8,70,19,4,9,16,11,DEEP_FOLD
TIER_B_TOP100_CRITICAL_LIKE,851493,16,62,1,0,17,16,11,DEEP_FOLD
TIER_B_TOP100_CRITICAL_LIKE,851493,32,46,0,0,33,16,11,DEEP_FOLD
TIER_B_TOP100_CRITICAL_LIKE,851493,64,14,0,0,65,16,11,DEEP_FOLD
TIER_B_TOP100_CRITICAL_LIKE,846955,8,29,6,5,9,11,11,DEEP_FOLD
TIER_B_TOP100_CRITICAL_LIKE,846955,16,21,0,0,17,11,11,DEEP_FOLD
TIER_B_TOP100_CRITICAL_LIKE,846955,32,5,0,0,33,11,11,DEEP_FOLD
TIER_B_TOP100_CRITICAL_LIKE,846955,64,0,0,0,65,11,11,DEEP_FOLD
TIER_B_TOP100_CRITICAL_LIKE,835691,8,106,41,4,9,37,11,CRITICAL_FORBIDDEN_GRAMMAR
TIER_B_TOP100_CRITICAL_LIKE,835691,16,98,22,0,17,37,11,CRITICAL_FORBIDDEN_GRAMMAR
TIER_B_TOP100_CRITICAL_LIKE,835691,32,82,6,0,33,37,11,CRITICAL_FORBIDDEN_GRAMMAR
TIER_B_TOP100_CRITICAL_LIKE,835691,64,50,0,0,65,37,11,CRITICAL_FORBIDDEN_GRAMMAR
TIER_B_TOP100_CRITICAL_LIKE,816239,8,65,20,4,9,16,11,CRITICAL_FORBIDDEN_GRAMMAR
TIER_B_TOP100_CRITICAL_LIKE,816239,16,57,1,0,17,16,11,CRITICAL_FORBIDDEN_GRAMMAR
TIER_B_TOP100_CRITICAL_LIKE,816239,32,41,0,0,33,16,11,CRITICAL_FORBIDDEN_GRAMMAR
TIER_B_TOP100_CRITICAL_LIKE,816239,64,9,0,0,65,16,11,CRITICAL_FORBIDDEN_GRAMMAR
TIER_B_TOP100_CRITICAL_LIKE,810599,8,72,11,4,9,12,11,CRITICAL_FORBIDDEN_GRAMMAR
TIER_B_TOP100_CRITICAL_LIKE,810599,16,64,0,0,17,12,11,CRITICAL_FORBIDDEN_GRAMMAR
TIER_B_TOP100_CRITICAL_LIKE,810599,32,48,0,0,33,12,11,CRITICAL_FORBIDDEN_GRAMMAR
TIER_B_TOP100_CRITICAL_LIKE,810599,64,16,0,0,65,12,11,CRITICAL_FORBIDDEN_GRAMMAR
TIER_B_TOP100_CRITICAL_LIKE,805487,8,77,27,4,9,24,11,CRITICAL_FORBIDDEN_GRAMMAR
TIER_B_TOP100_CRITICAL_LIKE,805487,16,69,9,0,17,24,11,CRITICAL_FORBIDDEN_GRAMMAR
TIER_B_TOP100_CRITICAL_LIKE,805487,32,53,0,0,33,24,11,CRITICAL_FORBIDDEN_GRAMMAR
TIER_B_TOP100_CRITICAL_LIKE,805487,64,21,0,0,65,24,11,CRITICAL_FORBIDDEN_GRAMMAR
TIER_B_TOP100_CRITICAL_LIKE,797371,8,77,20,4,9,16,11,DEEP_FOLD
TIER_B_TOP100_CRITICAL_LIKE,797371,16,69,1,0,17,16,11,DEEP_FOLD
TIER_B_TOP100_CRITICAL_LIKE,797371,32,53,0,0,33,16,11,DEEP_FOLD
TIER_B_TOP100_CRITICAL_LIKE,797371,64,21,0,0,65,16,11,DEEP_FOLD
TIER_B_TOP100_CRITICAL_LIKE,794655,8,53,14,4,9,18,11,CRITICAL_FORBIDDEN_GRAMMAR
TIER_B_TOP100_CRITICAL_LIKE,794655,16,45,3,0,17,18,11,CRITICAL_FORBIDDEN_GRAMMAR
TIER_B_TOP100_CRITICAL_LIKE,794655,32,29,0,0,33,18,11,CRITICAL_FORBIDDEN_GRAMMAR
TIER_B_TOP100_CRITICAL_LIKE,794655,64,0,0,0,65,18,11,CRITICAL_FORBIDDEN_GRAMMAR
TIER_B_TOP100_CRITICAL_LIKE,793255,8,101,36,4,9,32,11,CRITICAL_FORBIDDEN_GRAMMAR
TIER_B_TOP100_CRITICAL_LIKE,793255,16,93,17,0,17,32,11,CRITICAL_FORBIDDEN_GRAMMAR
TIER_B_TOP100_CRITICAL_LIKE,793255,32,77,1,0,33,32,11,CRITICAL_FORBIDDEN_GRAMMAR
TIER_B_TOP100_CRITICAL_LIKE,793255,64,45,0,0,65,32,11,CRITICAL_FORBIDDEN_GRAMMAR
TIER_B_TOP100_CRITICAL_LIKE,778235,8,55,18,4,9,22,11,CRITICAL_FORBIDDEN_GRAMMAR
TIER_B_TOP100_CRITICAL_LIKE,778235,16,47,7,0,17,22,11,CRITICAL_FORBIDDEN_GRAMMAR
TIER_B_TOP100_CRITICAL_LIKE,778235,32,31,0,0,33,22,11,CRITICAL_FORBIDDEN_GRAMMAR
TIER_B_TOP100_CRITICAL_LIKE,778235,64,0,0,0,65,22,11,CRITICAL_FORBIDDEN_GRAMMAR
