metric,rank,start_n,value,status,odd_steps_to_1,max_odd_value,max_up_burst,max_critical_alphabet_run,max_critical_grammar_run,first_break_type
max_odd_value,1,704511,18997161173.0,REACHED_1,86,18997161173,13,32,5,CRITICAL_FORBIDDEN_GRAMMAR
max_odd_value,2,997823,17494428437.0,REACHED_1,162,17494428437,9,16,6,CRITICAL_FORBIDDEN_GRAMMAR
max_odd_value,3,886953,17494428437.0,REACHED_1,164,17494428437,9,18,6,CRITICAL_FORBIDDEN_GRAMMAR
max_odd_value,4,665215,17494428437.0,REACHED_1,163,17494428437,9,17,6,CRITICAL_FORBIDDEN_GRAMMAR
max_odd_value,5,974079,8216025965.0,REACHED_1,140,8216025965,7,18,5,CRITICAL_FORBIDDEN_GRAMMAR
max_odd_value,6,960963,8216025965.0,REACHED_1,152,8216025965,7,18,5,DEEP_FOLD
max_odd_value,7,912167,8216025965.0,REACHED_1,147,8216025965,7,18,5,CRITICAL_FORBIDDEN_GRAMMAR
max_odd_value,8,865847,8216025965.0,REACHED_1,142,8216025965,7,18,5,CRITICAL_FORBIDDEN_GRAMMAR
max_odd_value,9,854191,8216025965.0,REACHED_1,154,8216025965,7,18,5,CRITICAL_FORBIDDEN_GRAMMAR
max_odd_value,10,810815,8216025965.0,REACHED_1,149,8216025965,7,18,5,CRITICAL_FORBIDDEN_GRAMMAR
max_odd_value,11,769641,8216025965.0,REACHED_1,144,8216025965,7,18,5,CRITICAL_FORBIDDEN_GRAMMAR
max_odd_value,12,730559,8216025965.0,REACHED_1,139,8216025965,7,18,5,CRITICAL_FORBIDDEN_GRAMMAR
max_odd_value,13,720723,8216025965.0,REACHED_1,151,8216025965,7,18,5,DEEP_FOLD
max_odd_value,14,649385,8216025965.0,REACHED_1,141,8216025965,7,18,5,CRITICAL_FORBIDDEN_GRAMMAR
max_odd_value,15,640641,8216025965.0,REACHED_1,153,8216025965,7,18,5,CRITICAL_FORBIDDEN_GRAMMAR
max_odd_value,16,608111,8216025965.0,REACHED_1,148,8216025965,7,18,5,CRITICAL_FORBIDDEN_GRAMMAR
max_odd_value,17,577231,8216025965.0,REACHED_1,143,8216025965,7,18,5,CRITICAL_FORBIDDEN_GRAMMAR
max_odd_value,18,540543,8216025965.0,REACHED_1,150,8216025965,7,18,5,CRITICAL_FORBIDDEN_GRAMMAR
max_odd_value,19,487039,8216025965.0,REACHED_1,140,8216025965,7,18,5,CRITICAL_FORBIDDEN_GRAMMAR
max_odd_value,20,480481,8216025965.0,REACHED_1,152,8216025965,7,18,5,CRITICAL_FORBIDDEN_GRAMMAR
max_odd_value,21,432923,8216025965.0,REACHED_1,142,8216025965,7,18,5,CRITICAL_FORBIDDEN_GRAMMAR
max_odd_value,22,405407,8216025965.0,REACHED_1,149,8216025965,7,18,5,CRITICAL_FORBIDDEN_GRAMMAR
max_odd_value,23,360361,8216025965.0,REACHED_1,151,8216025965,7,18,5,CRITICAL_FORBIDDEN_GRAMMAR
max_odd_value,24,288615,8216025965.0,REACHED_1,143,8216025965,7,18,5,CRITICAL_FORBIDDEN_GRAMMAR
max_odd_value,25,270271,8216025965.0,REACHED_1,150,8216025965,7,18,5,CRITICAL_FORBIDDEN_GRAMMAR
max_odd_value,26,847871,8138196845.0,REACHED_1,118,8138196845,11,18,5,CRITICAL_FORBIDDEN_GRAMMAR
max_odd_value,27,753663,8138196845.0,REACHED_1,120,8138196845,14,16,5,CRITICAL_FORBIDDEN_GRAMMAR
max_odd_value,28,669921,8138196845.0,REACHED_1,122,8138196845,13,22,5,CRITICAL_FORBIDDEN_GRAMMAR
max_odd_value,29,565247,8138196845.0,REACHED_1,119,8138196845,12,19,5,CRITICAL_FORBIDDEN_GRAMMAR
max_odd_value,30,502441,8138196845.0,REACHED_1,121,8138196845,13,21,5,CRITICAL_FORBIDDEN_GRAMMAR
max_odd_value,31,376831,8138196845.0,REACHED_1,120,8138196845,13,20,5,CRITICAL_FORBIDDEN_GRAMMAR
max_odd_value,32,924907,7998895637.0,REACHED_1,123,7998895637,11,33,5,CRITICAL_FORBIDDEN_GRAMMAR
max_odd_value,33,822139,7998895637.0,REACHED_1,125,7998895637,11,35,6,CRITICAL_FORBIDDEN_GRAMMAR
max_odd_value,34,780391,7998895637.0,REACHED_1,120,7998895637,11,30,5,CRITICAL_FORBIDDEN_GRAMMAR
max_odd_value,35,917161,6692535845.0,REACHED_1,140,6692535845,7,51,7,CRITICAL_FORBIDDEN_GRAMMAR
max_odd_value,36,687871,6692535845.0,REACHED_1,139,6692535845,7,50,7,CRITICAL_FORBIDDEN_GRAMMAR
max_odd_value,37,956925,5734125917.0,REACHED_1,63,5734125917,12,29,3,DEEP_FOLD
max_odd_value,38,850597,5734125917.0,REACHED_1,65,5734125917,12,31,3,DEEP_FOLD
max_odd_value,39,807407,5734125917.0,REACHED_1,60,5734125917,12,27,3,CRITICAL_FORBIDDEN_GRAMMAR
max_odd_value,40,756087,5734125917.0,REACHED_1,67,5734125917,12,30,3,CRITICAL_FORBIDDEN_GRAMMAR
max_odd_value,41,717695,5734125917.0,REACHED_1,62,5734125917,12,22,3,CRITICAL_FORBIDDEN_GRAMMAR
max_odd_value,42,637949,5734125917.0,REACHED_1,64,5734125917,12,30,3,DEEP_FOLD
max_odd_value,43,567065,5734125917.0,REACHED_1,66,5734125917,12,30,3,DEEP_FOLD
max_odd_value,44,538271,5734125917.0,REACHED_1,61,5734125917,12,28,3,CRITICAL_FORBIDDEN_GRAMMAR
max_odd_value,45,504057,5734125917.0,REACHED_1,68,5734125917,12,30,4,DEEP_FOLD
max_odd_value,46,478463,5734125917.0,REACHED_1,63,5734125917,12,22,3,CRITICAL_FORBIDDEN_GRAMMAR
max_odd_value,47,425299,5734125917.0,REACHED_1,65,5734125917,12,30,3,DEEP_FOLD
max_odd_value,48,378043,5734125917.0,REACHED_1,67,5734125917,12,30,3,DEEP_FOLD
max_odd_value,49,358847,5734125917.0,REACHED_1,62,5734125917,12,29,3,CRITICAL_FORBIDDEN_GRAMMAR
max_odd_value,50,318975,5734125917.0,REACHED_1,64,5734125917,12,22,3,CRITICAL_FORBIDDEN_GRAMMAR
max_odd_value,51,239231,5734125917.0,REACHED_1,63,5734125917,12,30,3,CRITICAL_FORBIDDEN_GRAMMAR
max_odd_value,52,212649,5734125917.0,REACHED_1,65,5734125917,12,32,3,CRITICAL_FORBIDDEN_GRAMMAR
max_odd_value,53,159487,5734125917.0,REACHED_1,64,5734125917,12,31,3,CRITICAL_FORBIDDEN_GRAMMAR
max_odd_value,54,829087,4476320981.0,REACHED_1,67,4476320981,7,29,5,CRITICAL_FORBIDDEN_GRAMMAR
max_odd_value,55,984623,4200355277.0,REACHED_1,104,4200355277,6,19,6,CRITICAL_FORBIDDEN_GRAMMAR
max_odd_value,56,656415,4200355277.0,REACHED_1,105,4200355277,6,20,6,CRITICAL_FORBIDDEN_GRAMMAR
max_odd_value,57,859135,3432088421.0,REACHED_1,113,3432088421,9,29,5,CRITICAL_FORBIDDEN_GRAMMAR
max_odd_value,58,763675,3432088421.0,REACHED_1,115,3432088421,9,31,5,CRITICAL_FORBIDDEN_GRAMMAR
max_odd_value,59,945791,2833697357.0,REACHED_1,84,2833697357,8,30,8,CRITICAL_FORBIDDEN_GRAMMAR
max_odd_value,60,840703,2833697357.0,REACHED_1,86,2833697357,9,22,8,CRITICAL_FORBIDDEN_GRAMMAR
max_odd_value,61,747291,2833697357.0,REACHED_1,88,2833697357,9,22,8,CRITICAL_FORBIDDEN_GRAMMAR
max_odd_value,62,630527,2833697357.0,REACHED_1,85,2833697357,8,31,8,CRITICAL_FORBIDDEN_GRAMMAR
max_odd_value,63,420351,2833697357.0,REACHED_1,86,2833697357,8,32,8,CRITICAL_FORBIDDEN_GRAMMAR
max_odd_value,64,906175,2789594477.0,REACHED_1,164,2789594477,8,22,7,CRITICAL_FORBIDDEN_GRAMMAR
max_odd_value,65,975015,2532526037.0,REACHED_1,116,2532526037,10,20,6,CRITICAL_FORBIDDEN_GRAMMAR
max_odd_value,66,939497,2407427729.0,REACHED_1,188,2407427729,13,15,7,CRITICAL_FORBIDDEN_GRAMMAR
max_odd_value,67,704623,2407427729.0,REACHED_1,187,2407427729,13,15,7,CRITICAL_FORBIDDEN_GRAMMAR
max_odd_value,68,626331,2407427729.0,REACHED_1,189,2407427729,13,16,7,CRITICAL_FORBIDDEN_GRAMMAR
max_odd_value,69,981929,2324522933.0,REACHED_1,68,2324522933,18,18,4,CRITICAL_FORBIDDEN_GRAMMAR
max_odd_value,70,919519,2324522933.0,REACHED_1,75,2324522933,18,18,4,CRITICAL_FORBIDDEN_GRAMMAR
max_odd_value,71,872825,2324522933.0,REACHED_1,70,2324522933,18,18,4,CRITICAL_FORBIDDEN_GRAMMAR
max_odd_value,72,736447,2324522933.0,REACHED_1,67,2324522933,18,18,4,CRITICAL_FORBIDDEN_GRAMMAR
max_odd_value,73,689639,2324522933.0,REACHED_1,74,2324522933,18,18,4,CRITICAL_FORBIDDEN_GRAMMAR
max_odd_value,74,654619,2324522933.0,REACHED_1,69,2324522933,18,18,4,CRITICAL_FORBIDDEN_GRAMMAR
max_odd_value,75,581883,2324522933.0,REACHED_1,71,2324522933,18,18,5,CRITICAL_FORBIDDEN_GRAMMAR
max_odd_value,76,459759,2324522933.0,REACHED_1,75,2324522933,18,18,4,CRITICAL_FORBIDDEN_GRAMMAR
max_odd_value,77,833775,1899126557.0,REACHED_1,130,1899126557,7,17,5,CRITICAL_FORBIDDEN_GRAMMAR
max_odd_value,78,937599,1872768833.0,REACHED_1,123,1872768833,7,22,5,CRITICAL_FORBIDDEN_GRAMMAR
max_odd_value,79,983039,1838733965.0,REACHED_1,104,1838733965,15,22,6,CRITICAL_FORBIDDEN_GRAMMAR
max_odd_value,80,920559,1838733965.0,REACHED_1,111,1838733965,16,16,6,CRITICAL_FORBIDDEN_GRAMMAR
max_odd_value,81,655359,1838733965.0,REACHED_1,105,1838733965,16,23,6,CRITICAL_FORBIDDEN_GRAMMAR
max_odd_value,82,944639,1570585301.0,REACHED_1,53,1570585301,11,20,7,CRITICAL_FORBIDDEN_GRAMMAR
max_odd_value,83,839679,1570585301.0,REACHED_1,55,1570585301,11,14,7,CRITICAL_FORBIDDEN_GRAMMAR
max_odd_value,84,629759,1570585301.0,REACHED_1,54,1570585301,11,21,7,CRITICAL_FORBIDDEN_GRAMMAR
max_odd_value,85,559785,1570585301.0,REACHED_1,56,1570585301,11,23,7,CRITICAL_FORBIDDEN_GRAMMAR
max_odd_value,86,419839,1570585301.0,REACHED_1,55,1570585301,11,22,7,CRITICAL_FORBIDDEN_GRAMMAR
max_odd_value,87,901119,1498227677.0,REACHED_1,89,1498227677,13,20,3,CRITICAL_FORBIDDEN_GRAMMAR
max_odd_value,88,927003,1426855661.0,REACHED_1,176,1426855661,7,31,7,CRITICAL_FORBIDDEN_GRAMMAR
max_odd_value,89,945435,1276124705.0,REACHED_1,94,1276124705,7,19,6,CRITICAL_FORBIDDEN_GRAMMAR
max_odd_value,90,850079,1273466933.0,REACHED_1,65,1273466933,13,18,3,CRITICAL_FORBIDDEN_GRAMMAR
max_odd_value,91,755625,1273466933.0,REACHED_1,67,1273466933,13,20,3,CRITICAL_FORBIDDEN_GRAMMAR
max_odd_value,92,566719,1273466933.0,REACHED_1,66,1273466933,13,19,3,CRITICAL_FORBIDDEN_GRAMMAR
max_odd_value,93,991935,1206359885.0,REACHED_1,109,1206359885,8,35,7,CRITICAL_FORBIDDEN_GRAMMAR
max_odd_value,94,957211,1193616485.0,REACHED_1,58,1193616485,12,21,4,CRITICAL_FORBIDDEN_GRAMMAR
max_odd_value,95,796775,1193616485.0,REACHED_1,67,1193616485,12,20,4,CRITICAL_FORBIDDEN_GRAMMAR
max_odd_value,96,531183,1193616485.0,REACHED_1,68,1193616485,12,20,4,CRITICAL_FORBIDDEN_GRAMMAR
max_odd_value,97,815871,1144540205.0,REACHED_1,96,1144540205,8,23,5,CRITICAL_FORBIDDEN_GRAMMAR
max_odd_value,98,963823,1140829109.0,REACHED_1,63,1140829109,8,26,5,CRITICAL_FORBIDDEN_GRAMMAR
max_odd_value,99,856731,1140829109.0,REACHED_1,65,1140829109,8,28,5,CRITICAL_FORBIDDEN_GRAMMAR
max_odd_value,100,978943,1085080049.0,REACHED_1,82,1085080049,11,20,5,CRITICAL_FORBIDDEN_GRAMMAR
max_up_burst,1,981929,18.0,REACHED_1,68,2324522933,18,18,4,CRITICAL_FORBIDDEN_GRAMMAR
max_up_burst,2,932065,18.0,REACHED_1,63,774840977,18,21,4,CRITICAL_FORBIDDEN_GRAMMAR
max_up_burst,3,919519,18.0,REACHED_1,75,2324522933,18,18,4,CRITICAL_FORBIDDEN_GRAMMAR
max_up_burst,4,872825,18.0,REACHED_1,70,2324522933,18,18,4,CRITICAL_FORBIDDEN_GRAMMAR
max_up_burst,5,736447,18.0,REACHED_1,67,2324522933,18,18,4,CRITICAL_FORBIDDEN_GRAMMAR
max_up_burst,6,699049,18.0,REACHED_1,62,774840977,18,20,4,CRITICAL_FORBIDDEN_GRAMMAR
max_up_burst,7,689639,18.0,REACHED_1,74,2324522933,18,18,4,CRITICAL_FORBIDDEN_GRAMMAR
max_up_burst,8,654619,18.0,REACHED_1,69,2324522933,18,18,4,CRITICAL_FORBIDDEN_GRAMMAR
max_up_burst,9,581883,18.0,REACHED_1,71,2324522933,18,18,5,CRITICAL_FORBIDDEN_GRAMMAR
max_up_burst,10,524287,18.0,REACHED_1,61,774840977,18,19,4,CRITICAL_FORBIDDEN_GRAMMAR
max_up_burst,11,459759,18.0,REACHED_1,75,2324522933,18,18,4,CRITICAL_FORBIDDEN_GRAMMAR
max_up_burst,12,786431,17.0,REACHED_1,60,774840977,17,18,4,CRITICAL_FORBIDDEN_GRAMMAR
max_up_burst,13,262143,17.0,REACHED_1,80,523608245,17,17,5,CRITICAL_FORBIDDEN_GRAMMAR
max_up_burst,14,981927,16.0,REACHED_1,87,523608245,16,16,5,CRITICAL_FORBIDDEN_GRAMMAR
max_up_burst,15,981913,16.0,REACHED_1,87,523608245,16,32,5,DEEP_FOLD
max_up_burst,16,981911,16.0,REACHED_1,87,523608245,16,33,5,CRITICAL_FORBIDDEN_GRAMMAR
max_up_burst,17,968697,16.0,REACHED_1,99,523608245,16,31,6,DEEP_FOLD
max_up_burst,18,920559,16.0,REACHED_1,111,1838733965,16,16,6,CRITICAL_FORBIDDEN_GRAMMAR
max_up_burst,19,919507,16.0,REACHED_1,94,523608245,16,31,5,DEEP_FOLD
max_up_burst,20,917503,16.0,REACHED_1,46,602654093,16,16,4,CRITICAL_FORBIDDEN_GRAMMAR
max_up_burst,21,872815,16.0,REACHED_1,89,523608245,16,31,5,CRITICAL_FORBIDDEN_GRAMMAR
max_up_burst,22,872811,16.0,REACHED_1,89,523608245,16,32,5,DEEP_FOLD
max_up_burst,23,872809,16.0,REACHED_1,89,523608245,16,33,5,CRITICAL_FORBIDDEN_GRAMMAR
max_up_burst,24,828493,16.0,REACHED_1,84,523608245,16,31,5,DEEP_FOLD
max_up_burst,25,817339,16.0,REACHED_1,96,523608245,16,31,5,DEEP_FOLD
max_up_burst,26,775835,16.0,REACHED_1,91,523608245,16,31,5,CRITICAL_FORBIDDEN_GRAMMAR
max_up_burst,27,736435,16.0,REACHED_1,86,523608245,16,32,5,DEEP_FOLD
max_up_burst,28,736433,16.0,REACHED_1,86,523608245,16,33,5,DEEP_FOLD
max_up_burst,29,726523,16.0,REACHED_1,98,523608245,16,31,5,DEEP_FOLD
max_up_burst,30,699045,16.0,REACHED_1,81,523608245,16,29,5,DEEP_FOLD
max_up_burst,31,689631,16.0,REACHED_1,93,523608245,16,31,5,CRITICAL_FORBIDDEN_GRAMMAR
max_up_burst,32,655359,16.0,REACHED_1,105,1838733965,16,23,6,CRITICAL_FORBIDDEN_GRAMMAR
max_up_burst,33,654607,16.0,REACHED_1,88,523608245,16,33,5,CRITICAL_FORBIDDEN_GRAMMAR
max_up_burst,34,552325,16.0,REACHED_1,85,523608245,16,33,5,DEEP_FOLD
max_up_burst,35,517223,16.0,REACHED_1,92,523608245,16,31,5,CRITICAL_FORBIDDEN_GRAMMAR
max_up_burst,36,490955,16.0,REACHED_1,87,523608245,16,33,5,DEEP_FOLD
max_up_burst,37,466029,16.0,REACHED_1,82,523608245,16,30,5,DEEP_FOLD
max_up_burst,38,459753,16.0,REACHED_1,94,523608245,16,31,5,CRITICAL_FORBIDDEN_GRAMMAR
max_up_burst,39,414245,16.0,REACHED_1,84,523608245,16,32,5,DEEP_FOLD
max_up_burst,40,393215,16.0,REACHED_1,79,523608245,16,16,5,CRITICAL_FORBIDDEN_GRAMMAR
max_up_burst,41,368217,16.0,REACHED_1,86,523608245,16,32,5,DEEP_FOLD
max_up_burst,42,344815,16.0,REACHED_1,93,523608245,16,31,5,CRITICAL_FORBIDDEN_GRAMMAR
max_up_burst,43,327303,16.0,REACHED_1,88,523608245,16,33,5,CRITICAL_FORBIDDEN_GRAMMAR
max_up_burst,44,310685,16.0,REACHED_1,83,523608245,16,31,5,DEEP_FOLD
max_up_burst,45,276163,16.0,REACHED_1,85,523608245,16,32,5,DEEP_FOLD
max_up_burst,46,207123,16.0,REACHED_1,84,523608245,16,31,5,DEEP_FOLD
max_up_burst,47,174761,16.0,REACHED_1,81,523608245,16,30,5,CRITICAL_FORBIDDEN_GRAMMAR
max_up_burst,48,138081,16.0,REACHED_1,85,523608245,16,34,5,CRITICAL_FORBIDDEN_GRAMMAR
max_up_burst,49,131071,16.0,REACHED_1,80,523608245,16,29,5,CRITICAL_FORBIDDEN_GRAMMAR
max_up_burst,50,116507,16.0,REACHED_1,82,523608245,16,31,5,CRITICAL_FORBIDDEN_GRAMMAR
max_up_burst,51,103561,16.0,REACHED_1,84,523608245,16,33,5,CRITICAL_FORBIDDEN_GRAMMAR
max_up_burst,52,77671,16.0,REACHED_1,83,523608245,16,32,5,CRITICAL_FORBIDDEN_GRAMMAR
max_up_burst,53,983039,15.0,REACHED_1,104,1838733965,15,22,6,CRITICAL_FORBIDDEN_GRAMMAR
max_up_burst,54,981921,15.0,REACHED_1,87,523608245,15,28,5,DEEP_FOLD
max_up_burst,55,961193,15.0,REACHED_1,128,315675953,15,17,6,CRITICAL_FORBIDDEN_GRAMMAR
max_up_burst,56,932061,15.0,REACHED_1,82,523608245,15,28,5,DEEP_FOLD
max_up_burst,57,854393,15.0,REACHED_1,130,315675953,15,19,6,CRITICAL_FORBIDDEN_GRAMMAR
max_up_burst,58,851967,15.0,REACHED_1,43,373071581,15,15,3,CRITICAL_FORBIDDEN_GRAMMAR
max_up_burst,59,828497,15.0,REACHED_1,84,523608245,15,28,5,DEEP_FOLD
max_up_burst,60,750831,15.0,REACHED_1,91,832236605,15,19,6,CRITICAL_FORBIDDEN_GRAMMAR
max_up_burst,61,736441,15.0,REACHED_1,86,523608245,15,28,5,DEEP_FOLD
max_up_burst,62,720895,15.0,REACHED_1,127,315675953,15,16,6,CRITICAL_FORBIDDEN_GRAMMAR
max_up_burst,63,640795,15.0,REACHED_1,129,315675953,15,18,6,CRITICAL_FORBIDDEN_GRAMMAR
max_up_burst,64,621373,15.0,REACHED_1,83,523608245,15,28,5,DEEP_FOLD
max_up_burst,65,589823,15.0,REACHED_1,78,523608245,15,15,5,CRITICAL_FORBIDDEN_GRAMMAR
max_up_burst,66,569595,15.0,REACHED_1,131,315675953,15,20,6,CRITICAL_FORBIDDEN_GRAMMAR
max_up_burst,67,552331,15.0,REACHED_1,85,523608245,15,28,5,DEEP_FOLD
max_up_burst,68,524285,15.0,REACHED_1,80,523608245,15,28,5,DEEP_FOLD
max_up_burst,69,458751,15.0,REACHED_1,46,225995285,15,17,4,CRITICAL_FORBIDDEN_GRAMMAR
max_up_burst,70,436905,15.0,REACHED_1,70,143489069,15,16,5,CRITICAL_FORBIDDEN_GRAMMAR
max_up_burst,71,349523,15.0,REACHED_1,81,523608245,15,28,5,DEEP_FOLD
max_up_burst,72,327679,15.0,REACHED_1,69,143489069,15,15,5,CRITICAL_FORBIDDEN_GRAMMAR
max_up_burst,73,233015,15.0,REACHED_1,82,523608245,15,28,5,CRITICAL_FORBIDDEN_GRAMMAR
max_up_burst,74,196607,15.0,REACHED_1,79,523608245,15,28,5,CRITICAL_FORBIDDEN_GRAMMAR
max_up_burst,75,155343,15.0,REACHED_1,83,523608245,15,28,5,CRITICAL_FORBIDDEN_GRAMMAR
max_up_burst,76,65535,15.0,REACHED_1,44,28697813,15,15,3,CRITICAL_FORBIDDEN_GRAMMAR
max_up_burst,77,981919,14.0,REACHED_1,51,28697813,14,14,3,CRITICAL_FORBIDDEN_GRAMMAR
max_up_burst,78,981917,14.0,REACHED_1,51,28697813,14,14,3,DEEP_FOLD
max_up_burst,79,981895,14.0,REACHED_1,51,9565937,14,15,3,CRITICAL_FORBIDDEN_GRAMMAR
max_up_burst,80,981893,14.0,REACHED_1,51,9565937,14,15,3,DEEP_FOLD
max_up_burst,81,981891,14.0,REACHED_1,51,9565937,14,15,3,DEEP_FOLD
max_up_burst,82,968673,14.0,REACHED_1,63,9565937,14,15,5,CRITICAL_FORBIDDEN_GRAMMAR
max_up_burst,83,968669,14.0,REACHED_1,63,9565937,14,15,3,DEEP_FOLD
max_up_burst,84,966583,14.0,REACHED_1,51,66961565,14,14,3,CRITICAL_FORBIDDEN_GRAMMAR
max_up_burst,85,955631,14.0,REACHED_1,75,41329925,14,15,3,CRITICAL_FORBIDDEN_GRAMMAR
max_up_burst,86,955627,14.0,REACHED_1,75,9565937,14,15,4,CRITICAL_FORBIDDEN_GRAMMAR
max_up_burst,87,950271,14.0,REACHED_1,87,702199637,14,18,6,CRITICAL_FORBIDDEN_GRAMMAR
max_up_burst,88,932057,14.0,REACHED_1,46,28697813,14,14,3,DEEP_FOLD
max_up_burst,89,932037,14.0,REACHED_1,46,9565937,14,15,3,DEEP_FOLD
max_up_burst,90,919487,14.0,REACHED_1,58,9565937,14,15,3,CRITICAL_FORBIDDEN_GRAMMAR
max_up_burst,91,919485,14.0,REACHED_1,58,9565937,14,15,3,DEEP_FOLD
max_up_burst,92,907099,14.0,REACHED_1,70,9565937,14,15,4,CRITICAL_FORBIDDEN_GRAMMAR
max_up_burst,93,902939,14.0,REACHED_1,135,296544077,14,18,6,CRITICAL_FORBIDDEN_GRAMMAR
max_up_burst,94,897543,14.0,REACHED_1,48,209852765,14,18,3,CRITICAL_FORBIDDEN_GRAMMAR
max_up_burst,95,894891,14.0,REACHED_1,82,41329925,14,18,5,CRITICAL_FORBIDDEN_GRAMMAR
max_up_burst,96,884735,14.0,REACHED_1,77,523608245,14,14,5,CRITICAL_FORBIDDEN_GRAMMAR
max_up_burst,97,882847,14.0,REACHED_1,94,85909733,14,15,3,CRITICAL_FORBIDDEN_GRAMMAR
max_up_burst,98,873811,14.0,REACHED_1,70,143489069,14,14,5,DEEP_FOLD
max_up_burst,99,872813,14.0,REACHED_1,53,28697813,14,14,3,DEEP_FOLD
max_up_burst,100,872795,14.0,REACHED_1,53,9565937,14,15,3,CRITICAL_FORBIDDEN_GRAMMAR
max_critical_alphabet_run,1,917161,51.0,REACHED_1,140,6692535845,7,51,7,CRITICAL_FORBIDDEN_GRAMMAR
max_critical_alphabet_run,2,687871,50.0,REACHED_1,139,6692535845,7,50,7,CRITICAL_FORBIDDEN_GRAMMAR
max_critical_alphabet_run,3,827961,38.0,REACHED_1,98,883013825,7,38,5,CRITICAL_FORBIDDEN_GRAMMAR
max_critical_alphabet_run,4,557127,38.0,REACHED_1,114,41777693,5,38,11,CRITICAL_FORBIDDEN_GRAMMAR
max_critical_alphabet_run,5,517191,38.0,REACHED_1,75,827370449,7,38,5,CRITICAL_FORBIDDEN_GRAMMAR
max_critical_alphabet_run,6,968639,37.0,REACHED_1,82,827370449,7,37,5,CRITICAL_FORBIDDEN_GRAMMAR
max_critical_alphabet_run,7,835691,37.0,REACHED_1,113,41777693,5,37,11,CRITICAL_FORBIDDEN_GRAMMAR
max_critical_alphabet_run,8,775787,37.0,REACHED_1,74,827370449,7,37,5,CRITICAL_FORBIDDEN_GRAMMAR
max_critical_alphabet_run,9,645759,37.0,REACHED_1,83,827370449,7,37,5,CRITICAL_FORBIDDEN_GRAMMAR
max_critical_alphabet_run,10,620971,37.0,REACHED_1,97,883013825,7,37,5,CRITICAL_FORBIDDEN_GRAMMAR
max_critical_alphabet_run,11,981287,36.0,REACHED_1,101,883013825,7,36,5,CRITICAL_FORBIDDEN_GRAMMAR
max_critical_alphabet_run,12,931457,36.0,REACHED_1,96,883013825,7,36,5,CRITICAL_FORBIDDEN_GRAMMAR
max_critical_alphabet_run,13,872255,36.0,REACHED_1,103,883013825,7,36,5,CRITICAL_FORBIDDEN_GRAMMAR
max_critical_alphabet_run,14,816815,36.0,REACHED_1,110,883013825,7,36,5,CRITICAL_FORBIDDEN_GRAMMAR
max_critical_alphabet_run,15,775337,36.0,REACHED_1,105,883013825,7,36,5,CRITICAL_FORBIDDEN_GRAMMAR
max_critical_alphabet_run,16,726057,36.0,REACHED_1,112,883013825,7,36,5,CRITICAL_FORBIDDEN_GRAMMAR
max_critical_alphabet_run,17,654191,36.0,REACHED_1,102,883013825,7,36,5,CRITICAL_FORBIDDEN_GRAMMAR
max_critical_alphabet_run,18,581503,36.0,REACHED_1,104,883013825,7,36,5,CRITICAL_FORBIDDEN_GRAMMAR
max_critical_alphabet_run,19,544543,36.0,REACHED_1,111,883013825,7,36,5,CRITICAL_FORBIDDEN_GRAMMAR
max_critical_alphabet_run,20,516891,36.0,REACHED_1,106,883013825,7,36,5,CRITICAL_FORBIDDEN_GRAMMAR
max_critical_alphabet_run,21,436127,36.0,REACHED_1,103,883013825,7,36,5,CRITICAL_FORBIDDEN_GRAMMAR
max_critical_alphabet_run,22,290751,36.0,REACHED_1,104,883013825,7,36,5,CRITICAL_FORBIDDEN_GRAMMAR
max_critical_alphabet_run,23,991935,35.0,REACHED_1,109,1206359885,8,35,7,CRITICAL_FORBIDDEN_GRAMMAR
max_critical_alphabet_run,24,940153,35.0,REACHED_1,111,41777693,5,35,11,CRITICAL_FORBIDDEN_GRAMMAR
max_critical_alphabet_run,25,872761,35.0,REACHED_1,72,827370449,7,35,5,CRITICAL_FORBIDDEN_GRAMMAR
max_critical_alphabet_run,26,822139,35.0,REACHED_1,125,7998895637,11,35,6,CRITICAL_FORBIDDEN_GRAMMAR
max_critical_alphabet_run,27,698593,35.0,REACHED_1,95,883013825,7,35,5,CRITICAL_FORBIDDEN_GRAMMAR
max_critical_alphabet_run,28,260607,35.0,REACHED_1,68,370580453,9,35,5,CRITICAL_FORBIDDEN_GRAMMAR
max_critical_alphabet_run,29,968637,34.0,REACHED_1,82,827370449,7,34,4,DEEP_FOLD
max_critical_alphabet_run,30,955591,34.0,REACHED_1,94,827370449,7,34,4,CRITICAL_FORBIDDEN_GRAMMAR
max_critical_alphabet_run,31,955587,34.0,REACHED_1,94,827370449,7,34,4,DEEP_FOLD
max_critical_alphabet_run,32,955585,34.0,REACHED_1,94,827370449,7,34,4,DEEP_FOLD
max_critical_alphabet_run,33,930043,34.0,REACHED_1,118,827370449,8,34,5,CRITICAL_FORBIDDEN_GRAMMAR
max_critical_alphabet_run,34,926603,34.0,REACHED_1,70,370580453,9,34,5,DEEP_FOLD
max_critical_alphabet_run,35,919451,34.0,REACHED_1,77,827370449,7,34,4,CRITICAL_FORBIDDEN_GRAMMAR
max_critical_alphabet_run,36,907071,34.0,REACHED_1,89,827370449,7,34,4,CRITICAL_FORBIDDEN_GRAMMAR
max_critical_alphabet_run,37,907069,34.0,REACHED_1,89,827370449,7,34,4,DEEP_FOLD
max_critical_alphabet_run,38,890791,34.0,REACHED_1,99,140743601,4,34,6,CRITICAL_FORBIDDEN_GRAMMAR
max_critical_alphabet_run,39,882815,34.0,REACHED_1,113,827370449,7,34,4,CRITICAL_FORBIDDEN_GRAMMAR
max_critical_alphabet_run,40,861011,34.0,REACHED_1,84,827370449,7,34,4,DEEP_FOLD
max_critical_alphabet_run,41,861009,34.0,REACHED_1,84,827370449,7,34,4,DEEP_FOLD
max_critical_alphabet_run,42,849409,34.0,REACHED_1,96,827370449,7,34,4,CRITICAL_FORBIDDEN_GRAMMAR
max_critical_alphabet_run,43,823647,34.0,REACHED_1,72,370580453,9,34,5,CRITICAL_FORBIDDEN_GRAMMAR
max_critical_alphabet_run,44,817289,34.0,REACHED_1,79,827370449,7,34,4,CRITICAL_FORBIDDEN_GRAMMAR
max_critical_alphabet_run,45,806283,34.0,REACHED_1,91,827370449,7,34,4,DEEP_FOLD
max_critical_alphabet_run,46,806277,34.0,REACHED_1,91,827370449,7,34,4,DEEP_FOLD
max_critical_alphabet_run,47,765341,34.0,REACHED_1,86,827370449,7,34,4,DEEP_FOLD
max_critical_alphabet_run,48,732129,34.0,REACHED_1,74,370580453,9,34,5,CRITICAL_FORBIDDEN_GRAMMAR
max_critical_alphabet_run,49,726479,34.0,REACHED_1,81,827370449,7,34,4,CRITICAL_FORBIDDEN_GRAMMAR
max_critical_alphabet_run,50,716691,34.0,REACHED_1,93,827370449,7,34,4,DEEP_FOLD
max_critical_alphabet_run,51,716689,34.0,REACHED_1,93,827370449,7,34,4,DEEP_FOLD
max_critical_alphabet_run,52,705115,34.0,REACHED_1,110,41777693,5,34,11,CRITICAL_FORBIDDEN_GRAMMAR
max_critical_alphabet_run,53,696735,34.0,REACHED_1,98,10320317,6,34,6,CRITICAL_FORBIDDEN_GRAMMAR
max_critical_alphabet_run,54,680303,34.0,REACHED_1,88,827370449,7,34,4,CRITICAL_FORBIDDEN_GRAMMAR
max_critical_alphabet_run,55,680301,34.0,REACHED_1,88,827370449,7,34,4,DEEP_FOLD
max_critical_alphabet_run,56,654571,34.0,REACHED_1,71,827370449,7,34,4,CRITICAL_FORBIDDEN_GRAMMAR
max_critical_alphabet_run,57,645757,34.0,REACHED_1,83,827370449,7,34,4,DEEP_FOLD
max_critical_alphabet_run,58,637057,34.0,REACHED_1,95,827370449,7,34,4,CRITICAL_FORBIDDEN_GRAMMAR
max_critical_alphabet_run,59,617735,34.0,REACHED_1,71,370580453,9,34,5,CRITICAL_FORBIDDEN_GRAMMAR
max_critical_alphabet_run,60,612967,34.0,REACHED_1,78,827370449,7,34,4,CRITICAL_FORBIDDEN_GRAMMAR
max_critical_alphabet_run,61,604713,34.0,REACHED_1,90,827370449,7,34,4,CRITICAL_FORBIDDEN_GRAMMAR
max_critical_alphabet_run,62,604709,34.0,REACHED_1,90,827370449,7,34,4,DEEP_FOLD
max_critical_alphabet_run,63,588543,34.0,REACHED_1,114,827370449,7,34,4,CRITICAL_FORBIDDEN_GRAMMAR
max_critical_alphabet_run,64,574007,34.0,REACHED_1,85,827370449,7,34,4,CRITICAL_FORBIDDEN_GRAMMAR
max_critical_alphabet_run,65,549097,34.0,REACHED_1,73,370580453,9,34,5,CRITICAL_FORBIDDEN_GRAMMAR
max_critical_alphabet_run,66,544859,34.0,REACHED_1,80,827370449,7,34,4,CRITICAL_FORBIDDEN_GRAMMAR
max_critical_alphabet_run,67,537517,34.0,REACHED_1,92,827370449,7,34,4,DEEP_FOLD
max_critical_alphabet_run,68,523945,34.0,REACHED_1,94,883013825,7,34,5,CRITICAL_FORBIDDEN_GRAMMAR
max_critical_alphabet_run,69,510227,34.0,REACHED_1,87,827370449,7,34,4,DEEP_FOLD
max_critical_alphabet_run,70,484319,34.0,REACHED_1,82,827370449,7,34,4,CRITICAL_FORBIDDEN_GRAMMAR
max_critical_alphabet_run,71,477793,34.0,REACHED_1,94,827370449,7,34,4,CRITICAL_FORBIDDEN_GRAMMAR
max_critical_alphabet_run,72,453535,34.0,REACHED_1,89,827370449,7,34,4,CRITICAL_FORBIDDEN_GRAMMAR
max_critical_alphabet_run,73,453533,34.0,REACHED_1,89,827370449,7,34,4,DEEP_FOLD
max_critical_alphabet_run,74,430505,34.0,REACHED_1,84,827370449,7,34,4,CRITICAL_FORBIDDEN_GRAMMAR
max_critical_alphabet_run,75,411823,34.0,REACHED_1,72,370580453,9,34,5,CRITICAL_FORBIDDEN_GRAMMAR
max_critical_alphabet_run,76,403139,34.0,REACHED_1,91,827370449,7,34,4,DEEP_FOLD
max_critical_alphabet_run,77,390911,34.0,REACHED_1,67,370580453,9,34,5,CRITICAL_FORBIDDEN_GRAMMAR
max_critical_alphabet_run,78,382671,34.0,REACHED_1,86,827370449,7,34,4,CRITICAL_FORBIDDEN_GRAMMAR
max_critical_alphabet_run,79,378849,34.0,REACHED_1,91,718294877,6,34,6,CRITICAL_FORBIDDEN_GRAMMAR
max_critical_alphabet_run,80,363239,34.0,REACHED_1,81,827370449,7,34,4,CRITICAL_FORBIDDEN_GRAMMAR
max_critical_alphabet_run,81,358345,34.0,REACHED_1,93,827370449,7,34,4,CRITICAL_FORBIDDEN_GRAMMAR
max_critical_alphabet_run,82,340151,34.0,REACHED_1,88,827370449,7,34,4,CRITICAL_FORBIDDEN_GRAMMAR
max_critical_alphabet_run,83,322879,34.0,REACHED_1,83,827370449,7,34,4,CRITICAL_FORBIDDEN_GRAMMAR
max_critical_alphabet_run,84,302355,34.0,REACHED_1,90,827370449,7,34,4,DEEP_FOLD
max_critical_alphabet_run,85,287003,34.0,REACHED_1,85,827370449,7,34,4,CRITICAL_FORBIDDEN_GRAMMAR
max_critical_alphabet_run,86,268759,34.0,REACHED_1,92,827370449,7,34,4,CRITICAL_FORBIDDEN_GRAMMAR
max_critical_alphabet_run,87,255113,34.0,REACHED_1,87,827370449,7,34,4,CRITICAL_FORBIDDEN_GRAMMAR
max_critical_alphabet_run,88,242159,34.0,REACHED_1,82,827370449,7,34,4,CRITICAL_FORBIDDEN_GRAMMAR
max_critical_alphabet_run,89,226767,34.0,REACHED_1,89,827370449,7,34,4,CRITICAL_FORBIDDEN_GRAMMAR
max_critical_alphabet_run,90,201569,34.0,REACHED_1,91,827370449,7,34,4,CRITICAL_FORBIDDEN_GRAMMAR
max_critical_alphabet_run,91,191335,34.0,REACHED_1,86,827370449,7,34,4,CRITICAL_FORBIDDEN_GRAMMAR
max_critical_alphabet_run,92,170075,34.0,REACHED_1,88,827370449,7,34,4,CRITICAL_FORBIDDEN_GRAMMAR
max_critical_alphabet_run,93,161439,34.0,REACHED_1,83,827370449,7,34,4,CRITICAL_FORBIDDEN_GRAMMAR
max_critical_alphabet_run,94,151177,34.0,REACHED_1,90,827370449,7,34,4,CRITICAL_FORBIDDEN_GRAMMAR
max_critical_alphabet_run,95,138081,34.0,REACHED_1,85,523608245,16,34,5,CRITICAL_FORBIDDEN_GRAMMAR
max_critical_alphabet_run,96,134379,34.0,REACHED_1,92,827370449,7,34,4,CRITICAL_FORBIDDEN_GRAMMAR
max_critical_alphabet_run,97,113383,34.0,REACHED_1,89,827370449,7,34,4,CRITICAL_FORBIDDEN_GRAMMAR
max_critical_alphabet_run,98,981911,33.0,REACHED_1,87,523608245,16,33,5,CRITICAL_FORBIDDEN_GRAMMAR
max_critical_alphabet_run,99,981857,33.0,REACHED_1,70,827370449,7,33,4,CRITICAL_FORBIDDEN_GRAMMAR
max_critical_alphabet_run,100,969543,33.0,REACHED_1,116,174685805,6,33,6,CRITICAL_FORBIDDEN_GRAMMAR
max_critical_grammar_run,1,683943,14.0,REACHED_1,76,1848737,5,16,14,CRITICAL_FORBIDDEN_GRAMMAR
max_critical_grammar_run,2,978991,13.0,REACHED_1,68,3528353,3,15,13,CRITICAL_FORBIDDEN_GRAMMAR
max_critical_grammar_run,3,954963,13.0,REACHED_1,75,1812941,6,25,13,DEEP_FOLD
max_critical_grammar_run,4,954961,13.0,REACHED_1,75,954961,6,25,13,DEEP_FOLD
max_critical_grammar_run,5,906469,13.0,REACHED_1,70,906469,6,26,13,DEEP_FOLD
max_critical_grammar_run,6,894265,13.0,REACHED_1,82,1909925,6,25,13,CRITICAL_FORBIDDEN_GRAMMAR
max_critical_grammar_run,7,860445,13.0,REACHED_1,65,860445,6,21,13,DEEP_FOLD
max_critical_grammar_run,8,856831,13.0,REACHED_1,89,14839517,7,19,13,CRITICAL_FORBIDDEN_GRAMMAR
max_critical_grammar_run,9,848855,13.0,REACHED_1,77,1909925,6,25,13,CRITICAL_FORBIDDEN_GRAMMAR
max_critical_grammar_run,10,805751,13.0,REACHED_1,72,1812941,6,25,13,CRITICAL_FORBIDDEN_GRAMMAR
max_critical_grammar_run,11,764837,13.0,REACHED_1,67,764837,6,23,13,DEEP_FOLD
max_critical_grammar_run,12,761627,13.0,REACHED_1,91,14839517,7,21,13,CRITICAL_FORBIDDEN_GRAMMAR
max_critical_grammar_run,13,754537,13.0,REACHED_1,79,1909925,6,25,13,CRITICAL_FORBIDDEN_GRAMMAR
max_critical_grammar_run,14,716221,13.0,REACHED_1,74,716221,6,25,13,DEEP_FOLD
max_critical_grammar_run,15,679853,13.0,REACHED_1,69,679853,6,25,13,DEEP_FOLD
max_critical_grammar_run,16,677001,13.0,REACHED_1,93,14839517,7,23,13,CRITICAL_FORBIDDEN_GRAMMAR
max_critical_grammar_run,17,670699,13.0,REACHED_1,81,1909925,6,25,13,CRITICAL_FORBIDDEN_GRAMMAR
max_critical_grammar_run,18,636641,13.0,REACHED_1,76,1812941,6,25,13,CRITICAL_FORBIDDEN_GRAMMAR
max_critical_grammar_run,19,604313,13.0,REACHED_1,71,679853,6,25,13,DEEP_FOLD
max_critical_grammar_run,20,573629,13.0,REACHED_1,66,573629,6,22,13,DEEP_FOLD
max_critical_grammar_run,21,565903,13.0,REACHED_1,78,1909925,6,25,13,CRITICAL_FORBIDDEN_GRAMMAR
max_critical_grammar_run,22,537167,13.0,REACHED_1,73,1812941,6,25,13,CRITICAL_FORBIDDEN_GRAMMAR
max_critical_grammar_run,23,509891,13.0,REACHED_1,68,764837,6,23,13,DEEP_FOLD
max_critical_grammar_run,24,507751,13.0,REACHED_1,92,14839517,7,22,13,CRITICAL_FORBIDDEN_GRAMMAR
max_critical_grammar_run,25,477481,13.0,REACHED_1,75,1812941,6,25,13,CRITICAL_FORBIDDEN_GRAMMAR
max_critical_grammar_run,26,453235,13.0,REACHED_1,70,679853,6,25,13,DEEP_FOLD
max_critical_grammar_run,27,424427,13.0,REACHED_1,77,1812941,6,25,13,CRITICAL_FORBIDDEN_GRAMMAR
max_critical_grammar_run,28,402875,13.0,REACHED_1,72,679853,6,25,13,DEEP_FOLD
max_critical_grammar_run,29,382419,13.0,REACHED_1,67,573629,6,22,13,DEEP_FOLD
max_critical_grammar_run,30,358111,13.0,REACHED_1,74,1812941,6,25,13,CRITICAL_FORBIDDEN_GRAMMAR
max_critical_grammar_run,31,339927,13.0,REACHED_1,69,764837,6,23,13,CRITICAL_FORBIDDEN_GRAMMAR
max_critical_grammar_run,32,322667,13.0,REACHED_1,64,484001,6,21,13,CRITICAL_FORBIDDEN_GRAMMAR
max_critical_grammar_run,33,282951,13.0,REACHED_1,78,1812941,6,25,13,CRITICAL_FORBIDDEN_GRAMMAR
max_critical_grammar_run,34,268583,13.0,REACHED_1,73,679853,6,25,13,CRITICAL_FORBIDDEN_GRAMMAR
max_critical_grammar_run,35,254945,13.0,REACHED_1,68,484001,6,25,13,CRITICAL_FORBIDDEN_GRAMMAR
max_critical_grammar_run,36,226617,13.0,REACHED_1,70,484001,6,27,13,CRITICAL_FORBIDDEN_GRAMMAR
max_critical_grammar_run,37,215111,13.0,REACHED_1,65,484001,6,22,13,CRITICAL_FORBIDDEN_GRAMMAR
max_critical_grammar_run,38,191209,13.0,REACHED_1,67,484001,6,24,13,CRITICAL_FORBIDDEN_GRAMMAR
max_critical_grammar_run,39,179055,13.0,REACHED_1,74,679853,6,25,13,CRITICAL_FORBIDDEN_GRAMMAR
max_critical_grammar_run,40,169963,13.0,REACHED_1,69,484001,6,26,13,CRITICAL_FORBIDDEN_GRAMMAR
max_critical_grammar_run,41,143407,13.0,REACHED_1,66,484001,6,23,13,CRITICAL_FORBIDDEN_GRAMMAR
max_critical_grammar_run,42,105579,13.0,REACHED_1,53,361205,3,15,13,CRITICAL_FORBIDDEN_GRAMMAR
max_critical_grammar_run,43,991393,12.0,REACHED_1,58,1786529,3,17,12,CRITICAL_FORBIDDEN_GRAMMAR
max_critical_grammar_run,44,941051,12.0,REACHED_1,53,1786529,3,12,12,DEEP_FOLD
max_critical_grammar_run,45,940799,12.0,REACHED_1,99,16074449,7,14,12,CRITICAL_FORBIDDEN_GRAMMAR
max_critical_grammar_run,46,905209,12.0,REACHED_1,82,1548389,5,15,12,CRITICAL_FORBIDDEN_GRAMMAR
max_critical_grammar_run,47,889819,12.0,REACHED_1,58,2252357,3,14,12,CRITICAL_FORBIDDEN_GRAMMAR
max_critical_grammar_run,48,887289,12.0,REACHED_1,101,39428693,6,26,12,CRITICAL_FORBIDDEN_GRAMMAR
max_critical_grammar_run,49,836489,12.0,REACHED_1,55,1786529,3,14,12,CRITICAL_FORBIDDEN_GRAMMAR
max_critical_grammar_run,50,836265,12.0,REACHED_1,101,16074449,8,14,12,CRITICAL_FORBIDDEN_GRAMMAR
max_critical_grammar_run,51,750785,12.0,REACHED_1,55,750785,3,14,12,DEEP_FOLD
max_critical_grammar_run,52,743545,12.0,REACHED_1,57,1786529,3,16,12,CRITICAL_FORBIDDEN_GRAMMAR
max_critical_grammar_run,53,678907,12.0,REACHED_1,81,1548389,5,14,12,CRITICAL_FORBIDDEN_GRAMMAR
max_critical_grammar_run,54,653729,12.0,REACHED_1,64,2516021,5,17,12,CRITICAL_FORBIDDEN_GRAMMAR
max_critical_grammar_run,55,627367,12.0,REACHED_1,54,1786529,3,13,12,CRITICAL_FORBIDDEN_GRAMMAR
max_critical_grammar_run,56,627199,12.0,REACHED_1,100,16074449,8,14,12,CRITICAL_FORBIDDEN_GRAMMAR
max_critical_grammar_run,57,563089,12.0,REACHED_1,54,563089,3,14,12,DEEP_FOLD
max_critical_grammar_run,58,557659,12.0,REACHED_1,56,1786529,3,15,12,CRITICAL_FORBIDDEN_GRAMMAR
max_critical_grammar_run,59,500523,12.0,REACHED_1,56,750785,3,14,12,DEEP_FOLD
max_critical_grammar_run,60,490297,12.0,REACHED_1,63,2516021,5,16,12,CRITICAL_FORBIDDEN_GRAMMAR
max_critical_grammar_run,61,484001,12.0,REACHED_1,63,484001,6,20,12,CRITICAL_FORBIDDEN_GRAMMAR
max_critical_grammar_run,62,435819,12.0,REACHED_1,65,2516021,5,18,12,CRITICAL_FORBIDDEN_GRAMMAR
max_critical_grammar_run,63,422317,12.0,REACHED_1,53,422317,3,14,12,DEEP_FOLD
max_critical_grammar_run,64,403323,12.0,REACHED_1,60,776141,4,12,12,DEEP_FOLD
max_critical_grammar_run,65,158369,12.0,REACHED_1,52,361205,3,14,12,CRITICAL_FORBIDDEN_GRAMMAR
max_critical_grammar_run,66,80697,12.0,REACHED_1,100,373157,6,14,12,CRITICAL_FORBIDDEN_GRAMMAR
max_critical_grammar_run,67,985865,11.0,REACHED_1,75,2248469,5,14,11,CRITICAL_FORBIDDEN_GRAMMAR
max_critical_grammar_run,68,982975,11.0,REACHED_1,104,17256509,5,21,11,CRITICAL_FORBIDDEN_GRAMMAR
max_critical_grammar_run,69,977333,11.0,REACHED_1,39,977333,3,17,11,DEEP_FOLD
max_critical_grammar_run,70,977233,11.0,REACHED_1,87,1565345,5,14,11,DEEP_FOLD
max_critical_grammar_run,71,967393,11.0,REACHED_1,75,3486557,5,16,11,CRITICAL_FORBIDDEN_GRAMMAR
max_critical_grammar_run,72,966015,11.0,REACHED_1,87,11003525,6,14,11,CRITICAL_FORBIDDEN_GRAMMAR
max_critical_grammar_run,73,944199,11.0,REACHED_1,70,6132257,4,14,11,CRITICAL_FORBIDDEN_GRAMMAR
max_critical_grammar_run,74,940775,11.0,REACHED_1,82,13562477,5,11,11,CRITICAL_FORBIDDEN_GRAMMAR
max_critical_grammar_run,75,940153,11.0,REACHED_1,111,41777693,5,35,11,CRITICAL_FORBIDDEN_GRAMMAR
max_critical_grammar_run,76,927611,11.0,REACHED_1,82,1565345,5,13,11,DEEP_FOLD
max_critical_grammar_run,77,915211,11.0,REACHED_1,46,1372817,3,17,11,DEEP_FOLD
max_critical_grammar_run,78,910209,11.0,REACHED_1,34,910209,3,12,11,CRITICAL_FORBIDDEN_GRAMMAR
max_critical_grammar_run,79,904615,11.0,REACHED_1,94,3667841,5,22,11,CRITICAL_FORBIDDEN_GRAMMAR
max_critical_grammar_run,80,902923,11.0,REACHED_1,82,1354385,5,14,11,DEEP_FOLD
max_critical_grammar_run,81,897043,11.0,REACHED_1,82,1345565,5,16,11,DEEP_FOLD
max_critical_grammar_run,82,892011,11.0,REACHED_1,58,1808369,7,13,11,CRITICAL_FORBIDDEN_GRAMMAR
max_critical_grammar_run,83,873755,11.0,REACHED_1,106,17256509,5,21,11,CRITICAL_FORBIDDEN_GRAMMAR
max_critical_grammar_run,84,871639,11.0,REACHED_1,65,2516021,5,16,11,CRITICAL_FORBIDDEN_GRAMMAR
max_critical_grammar_run,85,868743,11.0,REACHED_1,41,1954673,3,16,11,CRITICAL_FORBIDDEN_GRAMMAR
max_critical_grammar_run,86,868741,11.0,REACHED_1,41,868741,3,15,11,DEEP_FOLD
max_critical_grammar_run,87,868739,11.0,REACHED_1,41,1303109,3,17,11,DEEP_FOLD
max_critical_grammar_run,88,868651,11.0,REACHED_1,89,1565345,5,14,11,DEEP_FOLD
max_critical_grammar_run,89,860771,11.0,REACHED_1,101,1291157,6,14,11,DEEP_FOLD
max_critical_grammar_run,90,858679,11.0,REACHED_1,89,3667841,5,20,11,CRITICAL_FORBIDDEN_GRAMMAR
max_critical_grammar_run,91,851493,11.0,REACHED_1,77,851493,5,16,11,DEEP_FOLD
max_critical_grammar_run,92,846955,11.0,REACHED_1,36,1270433,2,11,11,DEEP_FOLD
max_critical_grammar_run,93,835691,11.0,REACHED_1,113,41777693,5,37,11,CRITICAL_FORBIDDEN_GRAMMAR
max_critical_grammar_run,94,816239,11.0,REACHED_1,72,3486557,5,16,11,CRITICAL_FORBIDDEN_GRAMMAR
max_critical_grammar_run,95,810599,11.0,REACHED_1,79,4616621,5,12,11,CRITICAL_FORBIDDEN_GRAMMAR
max_critical_grammar_run,96,805487,11.0,REACHED_1,84,17655857,5,24,11,CRITICAL_FORBIDDEN_GRAMMAR
max_critical_grammar_run,97,797371,11.0,REACHED_1,84,1345565,5,16,11,DEEP_FOLD
max_critical_grammar_run,98,794655,11.0,REACHED_1,60,9175133,8,18,11,CRITICAL_FORBIDDEN_GRAMMAR
max_critical_grammar_run,99,793255,11.0,REACHED_1,108,41777693,5,32,11,CRITICAL_FORBIDDEN_GRAMMAR
max_critical_grammar_run,100,778235,11.0,REACHED_1,62,22744709,5,22,11,CRITICAL_FORBIDDEN_GRAMMAR
max_cum_reset_deficit,1,626331,503.22282590580653,REACHED_1,189,2407427729,13,16,7,CRITICAL_FORBIDDEN_GRAMMAR
max_cum_reset_deficit,2,939497,500.63786494068825,REACHED_1,188,2407427729,13,15,7,CRITICAL_FORBIDDEN_GRAMMAR
max_cum_reset_deficit,3,704623,500.05290346370214,REACHED_1,187,2407427729,13,15,7,CRITICAL_FORBIDDEN_GRAMMAR
max_cum_reset_deficit,4,837799,440.5928013787824,REACHED_1,195,991661525,7,26,7,CRITICAL_FORBIDDEN_GRAMMAR
max_cum_reset_deficit,5,796095,428.836751075639,REACHED_1,173,130727105,10,18,5,CRITICAL_FORBIDDEN_GRAMMAR
max_cum_reset_deficit,6,886953,392.4225271647527,REACHED_1,164,17494428437,9,18,6,CRITICAL_FORBIDDEN_GRAMMAR
max_cum_reset_deficit,7,665215,391.83756574841374,REACHED_1,163,17494428437,9,17,6,CRITICAL_FORBIDDEN_GRAMMAR
max_cum_reset_deficit,8,940257,388.46628407134483,REACHED_1,140,321612929,11,17,4,CRITICAL_FORBIDDEN_GRAMMAR
max_cum_reset_deficit,9,705193,387.8813225935313,REACHED_1,139,321612929,11,17,4,CRITICAL_FORBIDDEN_GRAMMAR
max_cum_reset_deficit,10,528895,387.2963614566861,REACHED_1,138,321612929,11,17,4,CRITICAL_FORBIDDEN_GRAMMAR
max_cum_reset_deficit,11,997823,384.25260469353447,REACHED_1,162,17494428437,9,16,6,CRITICAL_FORBIDDEN_GRAMMAR
max_cum_reset_deficit,12,919791,382.6849333117002,REACHED_1,159,233270513,12,13,6,CRITICAL_FORBIDDEN_GRAMMAR
max_cum_reset_deficit,13,927003,380.54107357750104,REACHED_1,176,1426855661,7,31,7,CRITICAL_FORBIDDEN_GRAMMAR
max_cum_reset_deficit,14,906175,378.47721063288157,REACHED_1,164,2789594477,8,22,7,CRITICAL_FORBIDDEN_GRAMMAR
max_cum_reset_deficit,15,793343,377.7114007744648,REACHED_1,137,321612929,11,17,4,CRITICAL_FORBIDDEN_GRAMMAR
max_cum_reset_deficit,16,910107,376.4887730901443,REACHED_1,176,25592669,6,16,6,CRITICAL_FORBIDDEN_GRAMMAR
max_cum_reset_deficit,17,511935,369.3188470319084,REACHED_1,174,25592669,5,16,6,CRITICAL_FORBIDDEN_GRAMMAR
max_cum_reset_deficit,18,922875,366.4194853793411,REACHED_1,140,11691701,11,15,7,CRITICAL_FORBIDDEN_GRAMMAR
max_cum_reset_deficit,19,767903,362.7338864099323,REACHED_1,173,25592669,5,16,6,CRITICAL_FORBIDDEN_GRAMMAR
max_cum_reset_deficit,20,801147,361.9630026350007,REACHED_1,144,197759717,9,15,5,CRITICAL_FORBIDDEN_GRAMMAR
max_cum_reset_deficit,21,970599,360.38983039301644,REACHED_1,169,41977277,8,14,6,CRITICAL_FORBIDDEN_GRAMMAR
max_cum_reset_deficit,22,675969,359.2081203350879,REACHED_1,141,197759717,9,15,5,CRITICAL_FORBIDDEN_GRAMMAR
max_cum_reset_deficit,23,901291,358.79307963443097,REACHED_1,142,197759717,9,15,5,CRITICAL_FORBIDDEN_GRAMMAR
max_cum_reset_deficit,24,506977,358.62315925720685,REACHED_1,140,197759717,9,15,5,CRITICAL_FORBIDDEN_GRAMMAR
max_cum_reset_deficit,25,584007,358.07963618703724,REACHED_1,136,11691701,11,15,7,CRITICAL_FORBIDDEN_GRAMMAR
max_cum_reset_deficit,26,380233,358.03819865360407,REACHED_1,139,197759717,9,15,5,CRITICAL_FORBIDDEN_GRAMMAR
max_cum_reset_deficit,27,285175,357.4532386823715,REACHED_1,138,197759717,9,15,5,CRITICAL_FORBIDDEN_GRAMMAR
max_cum_reset_deficit,28,142587,357.4532285644339,REACHED_1,138,197759717,9,15,5,CRITICAL_FORBIDDEN_GRAMMAR
max_cum_reset_deficit,29,763455,356.6081820133208,REACHED_1,137,188445041,9,21,9,CRITICAL_FORBIDDEN_GRAMMAR
max_cum_reset_deficit,30,760467,356.03820244783304,REACHED_1,139,197759717,9,15,5,DEEP_FOLD
max_cum_reset_deficit,31,653739,355.11195167845574,REACHED_1,141,283008941,11,31,5,CRITICAL_FORBIDDEN_GRAMMAR
max_cum_reset_deficit,32,760465,355.03819485938067,REACHED_1,139,197759717,9,15,5,DEEP_FOLD
max_cum_reset_deficit,33,213881,354.8682728090135,REACHED_1,137,197759717,9,15,5,CRITICAL_FORBIDDEN_GRAMMAR
max_cum_reset_deficit,34,876011,354.49467533320666,REACHED_1,135,11691701,11,15,7,CRITICAL_FORBIDDEN_GRAMMAR
max_cum_reset_deficit,35,570349,354.45323362340656,REACHED_1,138,197759717,9,15,5,DEEP_FOLD
max_cum_reset_deficit,36,904833,354.36306136618276,REACHED_1,140,188445041,9,21,9,CRITICAL_FORBIDDEN_GRAMMAR
max_cum_reset_deficit,37,160411,354.28331480515607,REACHED_1,136,197759717,9,15,5,CRITICAL_FORBIDDEN_GRAMMAR
max_cum_reset_deficit,38,427763,353.86827955429675,REACHED_1,137,197759717,9,15,5,DEEP_FOLD
max_cum_reset_deficit,39,450651,353.79311484948363,REACHED_1,142,197759717,9,18,5,CRITICAL_FORBIDDEN_GRAMMAR
max_cum_reset_deficit,40,678625,353.77809992841577,REACHED_1,139,188445041,9,21,9,CRITICAL_FORBIDDEN_GRAMMAR
max_cum_reset_deficit,41,508969,353.193138844966,REACHED_1,138,188445041,9,21,9,CRITICAL_FORBIDDEN_GRAMMAR
max_cum_reset_deficit,42,855525,352.86827618165995,REACHED_1,137,197759717,9,15,5,DEEP_FOLD
max_cum_reset_deficit,43,901303,352.7931180508352,REACHED_1,142,197759717,9,15,5,CRITICAL_FORBIDDEN_GRAMMAR
max_cum_reset_deficit,44,728859,352.69969347867,REACHED_1,132,388660517,10,13,7,CRITICAL_FORBIDDEN_GRAMMAR
max_cum_reset_deficit,45,381727,352.6081782339383,REACHED_1,137,188445041,9,21,9,CRITICAL_FORBIDDEN_GRAMMAR
max_cum_reset_deficit,46,980609,352.5269906489574,REACHED_1,140,283008941,11,31,5,CRITICAL_FORBIDDEN_GRAMMAR
max_cum_reset_deficit,47,320823,352.28332379884927,REACHED_1,136,197759717,9,15,5,CRITICAL_FORBIDDEN_GRAMMAR
max_cum_reset_deficit,48,735457,351.9420291290513,REACHED_1,139,283008941,11,31,5,CRITICAL_FORBIDDEN_GRAMMAR
max_cum_reset_deficit,49,240617,351.69835830023754,REACHED_1,135,197759717,9,15,5,CRITICAL_FORBIDDEN_GRAMMAR
max_cum_reset_deficit,50,938143,351.51689505299663,REACHED_1,164,18032705,6,19,6,CRITICAL_FORBIDDEN_GRAMMAR
max_cum_reset_deficit,51,551593,351.3570679360828,REACHED_1,138,283008941,11,31,5,CRITICAL_FORBIDDEN_GRAMMAR
max_cum_reset_deficit,52,985513,351.32475216164227,REACHED_1,133,11691701,11,15,7,CRITICAL_FORBIDDEN_GRAMMAR
max_cum_reset_deficit,53,641645,351.2833193020056,REACHED_1,136,197759717,9,15,5,DEEP_FOLD
max_cum_reset_deficit,54,675977,351.2081544829978,REACHED_1,141,197759717,9,17,5,CRITICAL_FORBIDDEN_GRAMMAR
max_cum_reset_deficit,55,180463,351.1133997967153,REACHED_1,134,197759717,9,15,5,CRITICAL_FORBIDDEN_GRAMMAR
max_cum_reset_deficit,56,787071,350.8534698503371,REACHED_1,132,26231597,12,17,5,CRITICAL_FORBIDDEN_GRAMMAR
max_cum_reset_deficit,57,413695,350.7721071790304,REACHED_1,137,283008941,11,31,5,CRITICAL_FORBIDDEN_GRAMMAR
max_cum_reset_deficit,58,739135,350.7397906368555,REACHED_1,132,11691701,11,15,7,CRITICAL_FORBIDDEN_GRAMMAR
max_cum_reset_deficit,59,506983,350.6231934050998,REACHED_1,140,197759717,9,16,5,CRITICAL_FORBIDDEN_GRAMMAR
max_cum_reset_deficit,60,360927,350.113407791092,REACHED_1,134,197759717,9,15,5,CRITICAL_FORBIDDEN_GRAMMAR
max_cum_reset_deficit,61,962469,349.6983612981357,REACHED_1,135,197759717,9,15,5,DEEP_FOLD
max_cum_reset_deficit,62,818943,349.6349432211636,REACHED_1,166,39845621,7,14,6,CRITICAL_FORBIDDEN_GRAMMAR
max_cum_reset_deficit,63,819967,349.529770676546,REACHED_1,130,388660517,10,13,7,CRITICAL_FORBIDDEN_GRAMMAR
max_cum_reset_deficit,64,822139,349.4310747878267,REACHED_1,125,7998895637,11,35,6,CRITICAL_FORBIDDEN_GRAMMAR
max_cum_reset_deficit,65,481235,348.69836429602634,REACHED_1,135,197759717,9,15,5,DEEP_FOLD
max_cum_reset_deficit,66,854191,348.6972101919155,REACHED_1,154,8216025965,7,18,5,CRITICAL_FORBIDDEN_GRAMMAR
max_cum_reset_deficit,67,369567,347.7397867331189,REACHED_1,132,11691701,11,15,7,CRITICAL_FORBIDDEN_GRAMMAR
max_cum_reset_deficit,68,987081,347.38086626006873,REACHED_1,145,13721237,9,19,9,CRITICAL_FORBIDDEN_GRAMMAR
max_cum_reset_deficit,69,546681,347.2241116994039,REACHED_1,167,25592669,5,16,6,CRITICAL_FORBIDDEN_GRAMMAR
max_cum_reset_deficit,70,760475,347.03823280147463,REACHED_1,139,197759717,9,15,5,CRITICAL_FORBIDDEN_GRAMMAR
max_cum_reset_deficit,71,572591,347.02321825280586,REACHED_1,136,188445041,9,21,9,CRITICAL_FORBIDDEN_GRAMMAR
max_cum_reset_deficit,72,740311,346.79590473373173,REACHED_1,144,13721237,9,19,9,CRITICAL_FORBIDDEN_GRAMMAR
max_cum_reset_deficit,73,810399,346.77092533387474,REACHED_1,149,14786225,7,20,8,CRITICAL_FORBIDDEN_GRAMMAR
max_cum_reset_deficit,74,410011,346.63915095801866,REACHED_1,166,25592669,5,16,6,CRITICAL_FORBIDDEN_GRAMMAR
max_cum_reset_deficit,75,270695,346.52844262558057,REACHED_1,133,197759717,9,15,5,CRITICAL_FORBIDDEN_GRAMMAR
max_cum_reset_deficit,76,924907,346.26115173616796,REACHED_1,123,7998895637,11,33,5,CRITICAL_FORBIDDEN_GRAMMAR
max_cum_reset_deficit,77,721853,346.1134037939033,REACHED_1,134,197759717,9,15,5,DEEP_FOLD
max_cum_reset_deficit,78,370155,345.7959008361977,REACHED_1,144,13721237,9,19,9,CRITICAL_FORBIDDEN_GRAMMAR
max_cum_reset_deficit,79,920559,345.4540620843099,REACHED_1,111,1838733965,16,16,6,CRITICAL_FORBIDDEN_GRAMMAR
max_cum_reset_deficit,80,540543,345.35736156522114,REACHED_1,150,8216025965,7,18,5,CRITICAL_FORBIDDEN_GRAMMAR
max_cum_reset_deficit,81,569595,345.16622606401194,REACHED_1,131,315675953,15,20,6,CRITICAL_FORBIDDEN_GRAMMAR
max_cum_reset_deficit,82,624639,345.04102459356665,REACHED_1,141,36019889,10,19,9,CRITICAL_FORBIDDEN_GRAMMAR
max_cum_reset_deficit,83,820023,344.6391544766853,REACHED_1,166,25592669,5,16,6,CRITICAL_FORBIDDEN_GRAMMAR
max_cum_reset_deficit,84,541391,344.52844795516154,REACHED_1,133,197759717,9,15,5,CRITICAL_FORBIDDEN_GRAMMAR
max_cum_reset_deficit,85,601959,344.10049163711795,REACHED_1,136,296544077,14,18,6,CRITICAL_FORBIDDEN_GRAMMAR
max_cum_reset_deficit,86,615017,344.0541908030764,REACHED_1,165,25592669,5,16,6,CRITICAL_FORBIDDEN_GRAMMAR
max_cum_reset_deficit,87,855535,343.86830990791617,REACHED_1,137,197759717,9,15,5,CRITICAL_FORBIDDEN_GRAMMAR
max_cum_reset_deficit,88,753663,343.7304692251306,REACHED_1,120,8138196845,14,16,5,CRITICAL_FORBIDDEN_GRAMMAR
max_cum_reset_deficit,89,847359,343.67434590470936,REACHED_1,154,643355621,8,18,6,CRITICAL_FORBIDDEN_GRAMMAR
max_cum_reset_deficit,90,461263,343.46922986620734,REACHED_1,164,25592669,5,16,6,CRITICAL_FORBIDDEN_GRAMMAR
max_cum_reset_deficit,91,230631,343.4692236108027,REACHED_1,164,25592669,5,17,6,CRITICAL_FORBIDDEN_GRAMMAR
max_cum_reset_deficit,92,555233,343.2109409338339,REACHED_1,143,13721237,9,19,9,CRITICAL_FORBIDDEN_GRAMMAR
max_cum_reset_deficit,93,640641,343.11223755742856,REACHED_1,153,8216025965,7,18,5,CRITICAL_FORBIDDEN_GRAMMAR
max_cum_reset_deficit,94,406043,342.9434836779148,REACHED_1,132,197759717,9,15,5,CRITICAL_FORBIDDEN_GRAMMAR
max_cum_reset_deficit,95,792735,342.7662903837534,REACHED_1,161,117290177,7,15,6,CRITICAL_FORBIDDEN_GRAMMAR
max_cum_reset_deficit,96,416425,342.6259801653504,REACHED_1,142,13721237,9,19,9,CRITICAL_FORBIDDEN_GRAMMAR
max_cum_reset_deficit,97,854393,342.58126525185116,REACHED_1,130,315675953,15,19,6,CRITICAL_FORBIDDEN_GRAMMAR
max_cum_reset_deficit,98,960963,342.5272795606087,REACHED_1,152,8216025965,7,18,5,DEEP_FOLD
max_cum_reset_deficit,99,480481,342.5272765580096,REACHED_1,152,8216025965,7,18,5,CRITICAL_FORBIDDEN_GRAMMAR
max_cum_reset_deficit,100,780391,342.50626689148527,REACHED_1,120,7998895637,11,30,5,CRITICAL_FORBIDDEN_GRAMMAR
