modulus,bits,odd_residue,a11,a13,a31,a33,coarse_signature,output_ordering,actual_C_direction,best_hidden_mode,missing_down_count,missing_up_count,D_sheet_switching_ability
8,3,1,1,2,2,1,"(1,2,2,1)",VARIABLE_WITHIN_CYLINDER,FOLD,VARIABLE_WITHIN_CYLINDER,2,1,YES_TO_MULT3
8,3,3,2,1,1,2,"(2,1,1,2)",VARIABLE_WITHIN_CYLINDER,UP,VARIABLE_WITHIN_CYLINDER,3,0,YES_TO_MULT3
8,3,5,1,>=3,>=3,1,"(1,>=3,>=3,1)",VARIABLE_WITHIN_CYLINDER,FOLD,VARIABLE_WITHIN_CYLINDER,2,1,YES_TO_MULT3
8,3,7,>=3,1,1,>=3,"(>=3,1,1,>=3)",VARIABLE_WITHIN_CYLINDER,UP,VARIABLE_WITHIN_CYLINDER,3,0,YES_TO_MULT3
16,4,1,1,2,2,1,"(1,2,2,1)",VARIABLE_WITHIN_CYLINDER,FOLD,VARIABLE_WITHIN_CYLINDER,2,1,YES_TO_MULT3
16,4,3,2,1,1,2,"(2,1,1,2)",VARIABLE_WITHIN_CYLINDER,UP,VARIABLE_WITHIN_CYLINDER,3,0,YES_TO_MULT3
16,4,5,1,3,>=4,1,"(1,3,>=4,1)",VARIABLE_WITHIN_CYLINDER,FOLD,VARIABLE_WITHIN_CYLINDER,2,1,YES_TO_MULT3
16,4,7,3,1,1,3,"(3,1,1,3)",A<D<B<C,UP,A,3,0,YES_TO_MULT3
16,4,9,1,2,2,1,"(1,2,2,1)",B<A<C<D,FOLD,B,2,1,YES_TO_MULT3
16,4,11,2,1,1,2,"(2,1,1,2)",A<B<D<C,UP,A,3,0,YES_TO_MULT3
16,4,13,1,>=4,3,1,"(1,>=4,3,1)",VARIABLE_WITHIN_CYLINDER,FOLD,VARIABLE_WITHIN_CYLINDER,2,1,YES_TO_MULT3
16,4,15,>=4,1,1,>=4,"(>=4,1,1,>=4)",VARIABLE_WITHIN_CYLINDER,UP,VARIABLE_WITHIN_CYLINDER,3,0,YES_TO_MULT3
32,5,1,1,2,2,1,"(1,2,2,1)",VARIABLE_WITHIN_CYLINDER,FOLD,VARIABLE_WITHIN_CYLINDER,2,1,YES_TO_MULT3
32,5,3,2,1,1,2,"(2,1,1,2)",VARIABLE_WITHIN_CYLINDER,UP,VARIABLE_WITHIN_CYLINDER,3,0,YES_TO_MULT3
32,5,5,1,3,4,1,"(1,3,4,1)",VARIABLE_WITHIN_CYLINDER,FOLD,VARIABLE_WITHIN_CYLINDER,2,1,YES_TO_MULT3
32,5,7,3,1,1,3,"(3,1,1,3)",A<D<B<C,UP,A,3,0,YES_TO_MULT3
32,5,9,1,2,2,1,"(1,2,2,1)",B<A<C<D,FOLD,B,2,1,YES_TO_MULT3
32,5,11,2,1,1,2,"(2,1,1,2)",A<B<D<C,UP,A,3,0,YES_TO_MULT3
32,5,13,1,4,3,1,"(1,4,3,1)",B<C<A<D,FOLD,B,2,1,YES_TO_MULT3
32,5,15,4,1,1,4,"(4,1,1,4)",A<D<B<C,UP,A,3,0,YES_TO_MULT3
32,5,17,1,2,2,1,"(1,2,2,1)",B<A<C<D,FOLD,B,2,1,YES_TO_MULT3
32,5,19,2,1,1,2,"(2,1,1,2)",A<B<D<C,UP,A,3,0,YES_TO_MULT3
32,5,21,1,3,>=5,1,"(1,3,>=5,1)",VARIABLE_WITHIN_CYLINDER,FOLD,VARIABLE_WITHIN_CYLINDER,2,1,YES_TO_MULT3
32,5,23,3,1,1,3,"(3,1,1,3)",A<D<B<C,UP,A,3,0,YES_TO_MULT3
32,5,25,1,2,2,1,"(1,2,2,1)",B<A<C<D,FOLD,B,2,1,YES_TO_MULT3
32,5,27,2,1,1,2,"(2,1,1,2)",A<B<D<C,UP,A,3,0,YES_TO_MULT3
32,5,29,1,>=5,3,1,"(1,>=5,3,1)",VARIABLE_WITHIN_CYLINDER,FOLD,VARIABLE_WITHIN_CYLINDER,2,1,YES_TO_MULT3
32,5,31,>=5,1,1,>=5,"(>=5,1,1,>=5)",VARIABLE_WITHIN_CYLINDER,UP,VARIABLE_WITHIN_CYLINDER,3,0,YES_TO_MULT3
64,6,1,1,2,2,1,"(1,2,2,1)",VARIABLE_WITHIN_CYLINDER,FOLD,VARIABLE_WITHIN_CYLINDER,2,1,YES_TO_MULT3
64,6,3,2,1,1,2,"(2,1,1,2)",VARIABLE_WITHIN_CYLINDER,UP,VARIABLE_WITHIN_CYLINDER,3,0,YES_TO_MULT3
64,6,5,1,3,4,1,"(1,3,4,1)",VARIABLE_WITHIN_CYLINDER,FOLD,VARIABLE_WITHIN_CYLINDER,2,1,YES_TO_MULT3
64,6,7,3,1,1,3,"(3,1,1,3)",A<D<B<C,UP,A,3,0,YES_TO_MULT3
64,6,9,1,2,2,1,"(1,2,2,1)",B<A<C<D,FOLD,B,2,1,YES_TO_MULT3
64,6,11,2,1,1,2,"(2,1,1,2)",A<B<D<C,UP,A,3,0,YES_TO_MULT3
64,6,13,1,4,3,1,"(1,4,3,1)",B<C<A<D,FOLD,B,2,1,YES_TO_MULT3
64,6,15,4,1,1,4,"(4,1,1,4)",A<D<B<C,UP,A,3,0,YES_TO_MULT3
64,6,17,1,2,2,1,"(1,2,2,1)",B<A<C<D,FOLD,B,2,1,YES_TO_MULT3
64,6,19,2,1,1,2,"(2,1,1,2)",A<B<D<C,UP,A,3,0,YES_TO_MULT3
64,6,21,1,3,>=6,1,"(1,3,>=6,1)",VARIABLE_WITHIN_CYLINDER,FOLD,VARIABLE_WITHIN_CYLINDER,2,1,YES_TO_MULT3
64,6,23,3,1,1,3,"(3,1,1,3)",A<D<B<C,UP,A,3,0,YES_TO_MULT3
64,6,25,1,2,2,1,"(1,2,2,1)",B<A<C<D,FOLD,B,2,1,YES_TO_MULT3
64,6,27,2,1,1,2,"(2,1,1,2)",A<B<D<C,UP,A,3,0,YES_TO_MULT3
64,6,29,1,5,3,1,"(1,5,3,1)",B<C<A<D,FOLD,B,2,1,YES_TO_MULT3
64,6,31,5,1,1,5,"(5,1,1,5)",A<D<B<C,UP,A,3,0,YES_TO_MULT3
64,6,33,1,2,2,1,"(1,2,2,1)",B<A<C<D,FOLD,B,2,1,YES_TO_MULT3
64,6,35,2,1,1,2,"(2,1,1,2)",A<B<D<C,UP,A,3,0,YES_TO_MULT3
64,6,37,1,3,4,1,"(1,3,4,1)",B<C<A<D,FOLD,B,2,1,YES_TO_MULT3
64,6,39,3,1,1,3,"(3,1,1,3)",A<D<B<C,UP,A,3,0,YES_TO_MULT3
64,6,41,1,2,2,1,"(1,2,2,1)",B<A<C<D,FOLD,B,2,1,YES_TO_MULT3
64,6,43,2,1,1,2,"(2,1,1,2)",A<B<D<C,UP,A,3,0,YES_TO_MULT3
64,6,45,1,4,3,1,"(1,4,3,1)",B<C<A<D,FOLD,B,2,1,YES_TO_MULT3
64,6,47,4,1,1,4,"(4,1,1,4)",A<D<B<C,UP,A,3,0,YES_TO_MULT3
64,6,49,1,2,2,1,"(1,2,2,1)",B<A<C<D,FOLD,B,2,1,YES_TO_MULT3
64,6,51,2,1,1,2,"(2,1,1,2)",A<B<D<C,UP,A,3,0,YES_TO_MULT3
64,6,53,1,3,5,1,"(1,3,5,1)",C<B<A<D,FOLD,B,2,1,YES_TO_MULT3
64,6,55,3,1,1,3,"(3,1,1,3)",A<D<B<C,UP,A,3,0,YES_TO_MULT3
64,6,57,1,2,2,1,"(1,2,2,1)",B<A<C<D,FOLD,B,2,1,YES_TO_MULT3
64,6,59,2,1,1,2,"(2,1,1,2)",A<B<D<C,UP,A,3,0,YES_TO_MULT3
64,6,61,1,>=6,3,1,"(1,>=6,3,1)",VARIABLE_WITHIN_CYLINDER,FOLD,VARIABLE_WITHIN_CYLINDER,2,1,YES_TO_MULT3
64,6,63,>=6,1,1,>=6,"(>=6,1,1,>=6)",VARIABLE_WITHIN_CYLINDER,UP,VARIABLE_WITHIN_CYLINDER,3,0,YES_TO_MULT3
128,7,1,1,2,2,1,"(1,2,2,1)",VARIABLE_WITHIN_CYLINDER,FOLD,VARIABLE_WITHIN_CYLINDER,2,1,YES_TO_MULT3
128,7,3,2,1,1,2,"(2,1,1,2)",VARIABLE_WITHIN_CYLINDER,UP,VARIABLE_WITHIN_CYLINDER,3,0,YES_TO_MULT3
128,7,5,1,3,4,1,"(1,3,4,1)",VARIABLE_WITHIN_CYLINDER,FOLD,VARIABLE_WITHIN_CYLINDER,2,1,YES_TO_MULT3
128,7,7,3,1,1,3,"(3,1,1,3)",A<D<B<C,UP,A,3,0,YES_TO_MULT3
128,7,9,1,2,2,1,"(1,2,2,1)",B<A<C<D,FOLD,B,2,1,YES_TO_MULT3
128,7,11,2,1,1,2,"(2,1,1,2)",A<B<D<C,UP,A,3,0,YES_TO_MULT3
128,7,13,1,4,3,1,"(1,4,3,1)",B<C<A<D,FOLD,B,2,1,YES_TO_MULT3
128,7,15,4,1,1,4,"(4,1,1,4)",A<D<B<C,UP,A,3,0,YES_TO_MULT3
128,7,17,1,2,2,1,"(1,2,2,1)",B<A<C<D,FOLD,B,2,1,YES_TO_MULT3
128,7,19,2,1,1,2,"(2,1,1,2)",A<B<D<C,UP,A,3,0,YES_TO_MULT3
128,7,21,1,3,6,1,"(1,3,6,1)",C<B<A<D,FOLD,B,2,1,YES_TO_MULT3
128,7,23,3,1,1,3,"(3,1,1,3)",A<D<B<C,UP,A,3,0,YES_TO_MULT3
128,7,25,1,2,2,1,"(1,2,2,1)",B<A<C<D,FOLD,B,2,1,YES_TO_MULT3
128,7,27,2,1,1,2,"(2,1,1,2)",A<B<D<C,UP,A,3,0,YES_TO_MULT3
128,7,29,1,5,3,1,"(1,5,3,1)",B<C<A<D,FOLD,B,2,1,YES_TO_MULT3
128,7,31,5,1,1,5,"(5,1,1,5)",A<D<B<C,UP,A,3,0,YES_TO_MULT3
128,7,33,1,2,2,1,"(1,2,2,1)",B<A<C<D,FOLD,B,2,1,YES_TO_MULT3
128,7,35,2,1,1,2,"(2,1,1,2)",A<B<D<C,UP,A,3,0,YES_TO_MULT3
128,7,37,1,3,4,1,"(1,3,4,1)",B<C<A<D,FOLD,B,2,1,YES_TO_MULT3
128,7,39,3,1,1,3,"(3,1,1,3)",A<D<B<C,UP,A,3,0,YES_TO_MULT3
128,7,41,1,2,2,1,"(1,2,2,1)",B<A<C<D,FOLD,B,2,1,YES_TO_MULT3
128,7,43,2,1,1,2,"(2,1,1,2)",A<B<D<C,UP,A,3,0,YES_TO_MULT3
128,7,45,1,4,3,1,"(1,4,3,1)",B<C<A<D,FOLD,B,2,1,YES_TO_MULT3
128,7,47,4,1,1,4,"(4,1,1,4)",A<D<B<C,UP,A,3,0,YES_TO_MULT3
128,7,49,1,2,2,1,"(1,2,2,1)",B<A<C<D,FOLD,B,2,1,YES_TO_MULT3
128,7,51,2,1,1,2,"(2,1,1,2)",A<B<D<C,UP,A,3,0,YES_TO_MULT3
128,7,53,1,3,5,1,"(1,3,5,1)",C<B<A<D,FOLD,B,2,1,YES_TO_MULT3
128,7,55,3,1,1,3,"(3,1,1,3)",A<D<B<C,UP,A,3,0,YES_TO_MULT3
128,7,57,1,2,2,1,"(1,2,2,1)",B<A<C<D,FOLD,B,2,1,YES_TO_MULT3
128,7,59,2,1,1,2,"(2,1,1,2)",A<B<D<C,UP,A,3,0,YES_TO_MULT3
128,7,61,1,6,3,1,"(1,6,3,1)",B<C<A<D,FOLD,B,2,1,YES_TO_MULT3
128,7,63,6,1,1,6,"(6,1,1,6)",A<D<B<C,UP,A,3,0,YES_TO_MULT3
128,7,65,1,2,2,1,"(1,2,2,1)",B<A<C<D,FOLD,B,2,1,YES_TO_MULT3
128,7,67,2,1,1,2,"(2,1,1,2)",A<B<D<C,UP,A,3,0,YES_TO_MULT3
128,7,69,1,3,4,1,"(1,3,4,1)",B<C<A<D,FOLD,B,2,1,YES_TO_MULT3
128,7,71,3,1,1,3,"(3,1,1,3)",A<D<B<C,UP,A,3,0,YES_TO_MULT3
128,7,73,1,2,2,1,"(1,2,2,1)",B<A<C<D,FOLD,B,2,1,YES_TO_MULT3
128,7,75,2,1,1,2,"(2,1,1,2)",A<B<D<C,UP,A,3,0,YES_TO_MULT3
128,7,77,1,4,3,1,"(1,4,3,1)",B<C<A<D,FOLD,B,2,1,YES_TO_MULT3
128,7,79,4,1,1,4,"(4,1,1,4)",A<D<B<C,UP,A,3,0,YES_TO_MULT3
128,7,81,1,2,2,1,"(1,2,2,1)",B<A<C<D,FOLD,B,2,1,YES_TO_MULT3
128,7,83,2,1,1,2,"(2,1,1,2)",A<B<D<C,UP,A,3,0,YES_TO_MULT3
128,7,85,1,3,>=7,1,"(1,3,>=7,1)",VARIABLE_WITHIN_CYLINDER,FOLD,VARIABLE_WITHIN_CYLINDER,2,1,YES_TO_MULT3
128,7,87,3,1,1,3,"(3,1,1,3)",A<D<B<C,UP,A,3,0,YES_TO_MULT3
128,7,89,1,2,2,1,"(1,2,2,1)",B<A<C<D,FOLD,B,2,1,YES_TO_MULT3
128,7,91,2,1,1,2,"(2,1,1,2)",A<B<D<C,UP,A,3,0,YES_TO_MULT3
128,7,93,1,5,3,1,"(1,5,3,1)",B<C<A<D,FOLD,B,2,1,YES_TO_MULT3
128,7,95,5,1,1,5,"(5,1,1,5)",A<D<B<C,UP,A,3,0,YES_TO_MULT3
128,7,97,1,2,2,1,"(1,2,2,1)",B<A<C<D,FOLD,B,2,1,YES_TO_MULT3
128,7,99,2,1,1,2,"(2,1,1,2)",A<B<D<C,UP,A,3,0,YES_TO_MULT3
128,7,101,1,3,4,1,"(1,3,4,1)",B<C<A<D,FOLD,B,2,1,YES_TO_MULT3
128,7,103,3,1,1,3,"(3,1,1,3)",A<D<B<C,UP,A,3,0,YES_TO_MULT3
128,7,105,1,2,2,1,"(1,2,2,1)",B<A<C<D,FOLD,B,2,1,YES_TO_MULT3
128,7,107,2,1,1,2,"(2,1,1,2)",A<B<D<C,UP,A,3,0,YES_TO_MULT3
128,7,109,1,4,3,1,"(1,4,3,1)",B<C<A<D,FOLD,B,2,1,YES_TO_MULT3
128,7,111,4,1,1,4,"(4,1,1,4)",A<D<B<C,UP,A,3,0,YES_TO_MULT3
128,7,113,1,2,2,1,"(1,2,2,1)",B<A<C<D,FOLD,B,2,1,YES_TO_MULT3
128,7,115,2,1,1,2,"(2,1,1,2)",A<B<D<C,UP,A,3,0,YES_TO_MULT3
128,7,117,1,3,5,1,"(1,3,5,1)",C<B<A<D,FOLD,B,2,1,YES_TO_MULT3
128,7,119,3,1,1,3,"(3,1,1,3)",A<D<B<C,UP,A,3,0,YES_TO_MULT3
128,7,121,1,2,2,1,"(1,2,2,1)",B<A<C<D,FOLD,B,2,1,YES_TO_MULT3
128,7,123,2,1,1,2,"(2,1,1,2)",A<B<D<C,UP,A,3,0,YES_TO_MULT3
128,7,125,1,>=7,3,1,"(1,>=7,3,1)",VARIABLE_WITHIN_CYLINDER,FOLD,VARIABLE_WITHIN_CYLINDER,2,1,YES_TO_MULT3
128,7,127,>=7,1,1,>=7,"(>=7,1,1,>=7)",VARIABLE_WITHIN_CYLINDER,UP,VARIABLE_WITHIN_CYLINDER,3,0,YES_TO_MULT3
256,8,1,1,2,2,1,"(1,2,2,1)",VARIABLE_WITHIN_CYLINDER,FOLD,VARIABLE_WITHIN_CYLINDER,2,1,YES_TO_MULT3
256,8,3,2,1,1,2,"(2,1,1,2)",VARIABLE_WITHIN_CYLINDER,UP,VARIABLE_WITHIN_CYLINDER,3,0,YES_TO_MULT3
256,8,5,1,3,4,1,"(1,3,4,1)",VARIABLE_WITHIN_CYLINDER,FOLD,VARIABLE_WITHIN_CYLINDER,2,1,YES_TO_MULT3
256,8,7,3,1,1,3,"(3,1,1,3)",A<D<B<C,UP,A,3,0,YES_TO_MULT3
256,8,9,1,2,2,1,"(1,2,2,1)",B<A<C<D,FOLD,B,2,1,YES_TO_MULT3
256,8,11,2,1,1,2,"(2,1,1,2)",A<B<D<C,UP,A,3,0,YES_TO_MULT3
256,8,13,1,4,3,1,"(1,4,3,1)",B<C<A<D,FOLD,B,2,1,YES_TO_MULT3
256,8,15,4,1,1,4,"(4,1,1,4)",A<D<B<C,UP,A,3,0,YES_TO_MULT3
256,8,17,1,2,2,1,"(1,2,2,1)",B<A<C<D,FOLD,B,2,1,YES_TO_MULT3
256,8,19,2,1,1,2,"(2,1,1,2)",A<B<D<C,UP,A,3,0,YES_TO_MULT3
256,8,21,1,3,6,1,"(1,3,6,1)",C<B<A<D,FOLD,B,2,1,YES_TO_MULT3
256,8,23,3,1,1,3,"(3,1,1,3)",A<D<B<C,UP,A,3,0,YES_TO_MULT3
256,8,25,1,2,2,1,"(1,2,2,1)",B<A<C<D,FOLD,B,2,1,YES_TO_MULT3
256,8,27,2,1,1,2,"(2,1,1,2)",A<B<D<C,UP,A,3,0,YES_TO_MULT3
256,8,29,1,5,3,1,"(1,5,3,1)",B<C<A<D,FOLD,B,2,1,YES_TO_MULT3
256,8,31,5,1,1,5,"(5,1,1,5)",A<D<B<C,UP,A,3,0,YES_TO_MULT3
256,8,33,1,2,2,1,"(1,2,2,1)",B<A<C<D,FOLD,B,2,1,YES_TO_MULT3
256,8,35,2,1,1,2,"(2,1,1,2)",A<B<D<C,UP,A,3,0,YES_TO_MULT3
256,8,37,1,3,4,1,"(1,3,4,1)",B<C<A<D,FOLD,B,2,1,YES_TO_MULT3
256,8,39,3,1,1,3,"(3,1,1,3)",A<D<B<C,UP,A,3,0,YES_TO_MULT3
256,8,41,1,2,2,1,"(1,2,2,1)",B<A<C<D,FOLD,B,2,1,YES_TO_MULT3
256,8,43,2,1,1,2,"(2,1,1,2)",A<B<D<C,UP,A,3,0,YES_TO_MULT3
256,8,45,1,4,3,1,"(1,4,3,1)",B<C<A<D,FOLD,B,2,1,YES_TO_MULT3
256,8,47,4,1,1,4,"(4,1,1,4)",A<D<B<C,UP,A,3,0,YES_TO_MULT3
256,8,49,1,2,2,1,"(1,2,2,1)",B<A<C<D,FOLD,B,2,1,YES_TO_MULT3
256,8,51,2,1,1,2,"(2,1,1,2)",A<B<D<C,UP,A,3,0,YES_TO_MULT3
256,8,53,1,3,5,1,"(1,3,5,1)",C<B<A<D,FOLD,B,2,1,YES_TO_MULT3
256,8,55,3,1,1,3,"(3,1,1,3)",A<D<B<C,UP,A,3,0,YES_TO_MULT3
256,8,57,1,2,2,1,"(1,2,2,1)",B<A<C<D,FOLD,B,2,1,YES_TO_MULT3
256,8,59,2,1,1,2,"(2,1,1,2)",A<B<D<C,UP,A,3,0,YES_TO_MULT3
256,8,61,1,6,3,1,"(1,6,3,1)",B<C<A<D,FOLD,B,2,1,YES_TO_MULT3
256,8,63,6,1,1,6,"(6,1,1,6)",A<D<B<C,UP,A,3,0,YES_TO_MULT3
256,8,65,1,2,2,1,"(1,2,2,1)",B<A<C<D,FOLD,B,2,1,YES_TO_MULT3
256,8,67,2,1,1,2,"(2,1,1,2)",A<B<D<C,UP,A,3,0,YES_TO_MULT3
256,8,69,1,3,4,1,"(1,3,4,1)",B<C<A<D,FOLD,B,2,1,YES_TO_MULT3
256,8,71,3,1,1,3,"(3,1,1,3)",A<D<B<C,UP,A,3,0,YES_TO_MULT3
256,8,73,1,2,2,1,"(1,2,2,1)",B<A<C<D,FOLD,B,2,1,YES_TO_MULT3
256,8,75,2,1,1,2,"(2,1,1,2)",A<B<D<C,UP,A,3,0,YES_TO_MULT3
256,8,77,1,4,3,1,"(1,4,3,1)",B<C<A<D,FOLD,B,2,1,YES_TO_MULT3
256,8,79,4,1,1,4,"(4,1,1,4)",A<D<B<C,UP,A,3,0,YES_TO_MULT3
256,8,81,1,2,2,1,"(1,2,2,1)",B<A<C<D,FOLD,B,2,1,YES_TO_MULT3
256,8,83,2,1,1,2,"(2,1,1,2)",A<B<D<C,UP,A,3,0,YES_TO_MULT3
256,8,85,1,3,>=8,1,"(1,3,>=8,1)",VARIABLE_WITHIN_CYLINDER,FOLD,VARIABLE_WITHIN_CYLINDER,2,1,YES_TO_MULT3
256,8,87,3,1,1,3,"(3,1,1,3)",A<D<B<C,UP,A,3,0,YES_TO_MULT3
256,8,89,1,2,2,1,"(1,2,2,1)",B<A<C<D,FOLD,B,2,1,YES_TO_MULT3
256,8,91,2,1,1,2,"(2,1,1,2)",A<B<D<C,UP,A,3,0,YES_TO_MULT3
256,8,93,1,5,3,1,"(1,5,3,1)",B<C<A<D,FOLD,B,2,1,YES_TO_MULT3
256,8,95,5,1,1,5,"(5,1,1,5)",A<D<B<C,UP,A,3,0,YES_TO_MULT3
256,8,97,1,2,2,1,"(1,2,2,1)",B<A<C<D,FOLD,B,2,1,YES_TO_MULT3
256,8,99,2,1,1,2,"(2,1,1,2)",A<B<D<C,UP,A,3,0,YES_TO_MULT3
256,8,101,1,3,4,1,"(1,3,4,1)",B<C<A<D,FOLD,B,2,1,YES_TO_MULT3
256,8,103,3,1,1,3,"(3,1,1,3)",A<D<B<C,UP,A,3,0,YES_TO_MULT3
256,8,105,1,2,2,1,"(1,2,2,1)",B<A<C<D,FOLD,B,2,1,YES_TO_MULT3
256,8,107,2,1,1,2,"(2,1,1,2)",A<B<D<C,UP,A,3,0,YES_TO_MULT3
256,8,109,1,4,3,1,"(1,4,3,1)",B<C<A<D,FOLD,B,2,1,YES_TO_MULT3
256,8,111,4,1,1,4,"(4,1,1,4)",A<D<B<C,UP,A,3,0,YES_TO_MULT3
256,8,113,1,2,2,1,"(1,2,2,1)",B<A<C<D,FOLD,B,2,1,YES_TO_MULT3
256,8,115,2,1,1,2,"(2,1,1,2)",A<B<D<C,UP,A,3,0,YES_TO_MULT3
256,8,117,1,3,5,1,"(1,3,5,1)",C<B<A<D,FOLD,B,2,1,YES_TO_MULT3
256,8,119,3,1,1,3,"(3,1,1,3)",A<D<B<C,UP,A,3,0,YES_TO_MULT3
256,8,121,1,2,2,1,"(1,2,2,1)",B<A<C<D,FOLD,B,2,1,YES_TO_MULT3
256,8,123,2,1,1,2,"(2,1,1,2)",A<B<D<C,UP,A,3,0,YES_TO_MULT3
256,8,125,1,7,3,1,"(1,7,3,1)",B<C<A<D,FOLD,B,2,1,YES_TO_MULT3
256,8,127,7,1,1,7,"(7,1,1,7)",A<D<B<C,UP,A,3,0,YES_TO_MULT3
256,8,129,1,2,2,1,"(1,2,2,1)",B<A<C<D,FOLD,B,2,1,YES_TO_MULT3
256,8,131,2,1,1,2,"(2,1,1,2)",A<B<D<C,UP,A,3,0,YES_TO_MULT3
256,8,133,1,3,4,1,"(1,3,4,1)",B<C<A<D,FOLD,B,2,1,YES_TO_MULT3
256,8,135,3,1,1,3,"(3,1,1,3)",A<D<B<C,UP,A,3,0,YES_TO_MULT3
256,8,137,1,2,2,1,"(1,2,2,1)",B<A<C<D,FOLD,B,2,1,YES_TO_MULT3
256,8,139,2,1,1,2,"(2,1,1,2)",A<B<D<C,UP,A,3,0,YES_TO_MULT3
256,8,141,1,4,3,1,"(1,4,3,1)",B<C<A<D,FOLD,B,2,1,YES_TO_MULT3
256,8,143,4,1,1,4,"(4,1,1,4)",A<D<B<C,UP,A,3,0,YES_TO_MULT3
256,8,145,1,2,2,1,"(1,2,2,1)",B<A<C<D,FOLD,B,2,1,YES_TO_MULT3
256,8,147,2,1,1,2,"(2,1,1,2)",A<B<D<C,UP,A,3,0,YES_TO_MULT3
256,8,149,1,3,6,1,"(1,3,6,1)",C<B<A<D,FOLD,B,2,1,YES_TO_MULT3
256,8,151,3,1,1,3,"(3,1,1,3)",A<D<B<C,UP,A,3,0,YES_TO_MULT3
256,8,153,1,2,2,1,"(1,2,2,1)",B<A<C<D,FOLD,B,2,1,YES_TO_MULT3
256,8,155,2,1,1,2,"(2,1,1,2)",A<B<D<C,UP,A,3,0,YES_TO_MULT3
256,8,157,1,5,3,1,"(1,5,3,1)",B<C<A<D,FOLD,B,2,1,YES_TO_MULT3
256,8,159,5,1,1,5,"(5,1,1,5)",A<D<B<C,UP,A,3,0,YES_TO_MULT3
256,8,161,1,2,2,1,"(1,2,2,1)",B<A<C<D,FOLD,B,2,1,YES_TO_MULT3
256,8,163,2,1,1,2,"(2,1,1,2)",A<B<D<C,UP,A,3,0,YES_TO_MULT3
256,8,165,1,3,4,1,"(1,3,4,1)",B<C<A<D,FOLD,B,2,1,YES_TO_MULT3
256,8,167,3,1,1,3,"(3,1,1,3)",A<D<B<C,UP,A,3,0,YES_TO_MULT3
256,8,169,1,2,2,1,"(1,2,2,1)",B<A<C<D,FOLD,B,2,1,YES_TO_MULT3
256,8,171,2,1,1,2,"(2,1,1,2)",A<B<D<C,UP,A,3,0,YES_TO_MULT3
256,8,173,1,4,3,1,"(1,4,3,1)",B<C<A<D,FOLD,B,2,1,YES_TO_MULT3
256,8,175,4,1,1,4,"(4,1,1,4)",A<D<B<C,UP,A,3,0,YES_TO_MULT3
256,8,177,1,2,2,1,"(1,2,2,1)",B<A<C<D,FOLD,B,2,1,YES_TO_MULT3
256,8,179,2,1,1,2,"(2,1,1,2)",A<B<D<C,UP,A,3,0,YES_TO_MULT3
256,8,181,1,3,5,1,"(1,3,5,1)",C<B<A<D,FOLD,B,2,1,YES_TO_MULT3
256,8,183,3,1,1,3,"(3,1,1,3)",A<D<B<C,UP,A,3,0,YES_TO_MULT3
256,8,185,1,2,2,1,"(1,2,2,1)",B<A<C<D,FOLD,B,2,1,YES_TO_MULT3
256,8,187,2,1,1,2,"(2,1,1,2)",A<B<D<C,UP,A,3,0,YES_TO_MULT3
256,8,189,1,6,3,1,"(1,6,3,1)",B<C<A<D,FOLD,B,2,1,YES_TO_MULT3
256,8,191,6,1,1,6,"(6,1,1,6)",A<D<B<C,UP,A,3,0,YES_TO_MULT3
256,8,193,1,2,2,1,"(1,2,2,1)",B<A<C<D,FOLD,B,2,1,YES_TO_MULT3
256,8,195,2,1,1,2,"(2,1,1,2)",A<B<D<C,UP,A,3,0,YES_TO_MULT3
256,8,197,1,3,4,1,"(1,3,4,1)",B<C<A<D,FOLD,B,2,1,YES_TO_MULT3
256,8,199,3,1,1,3,"(3,1,1,3)",A<D<B<C,UP,A,3,0,YES_TO_MULT3
256,8,201,1,2,2,1,"(1,2,2,1)",B<A<C<D,FOLD,B,2,1,YES_TO_MULT3
256,8,203,2,1,1,2,"(2,1,1,2)",A<B<D<C,UP,A,3,0,YES_TO_MULT3
256,8,205,1,4,3,1,"(1,4,3,1)",B<C<A<D,FOLD,B,2,1,YES_TO_MULT3
256,8,207,4,1,1,4,"(4,1,1,4)",A<D<B<C,UP,A,3,0,YES_TO_MULT3
256,8,209,1,2,2,1,"(1,2,2,1)",B<A<C<D,FOLD,B,2,1,YES_TO_MULT3
256,8,211,2,1,1,2,"(2,1,1,2)",A<B<D<C,UP,A,3,0,YES_TO_MULT3
256,8,213,1,3,7,1,"(1,3,7,1)",C<B<A<D,FOLD,B,2,1,YES_TO_MULT3
256,8,215,3,1,1,3,"(3,1,1,3)",A<D<B<C,UP,A,3,0,YES_TO_MULT3
256,8,217,1,2,2,1,"(1,2,2,1)",B<A<C<D,FOLD,B,2,1,YES_TO_MULT3
256,8,219,2,1,1,2,"(2,1,1,2)",A<B<D<C,UP,A,3,0,YES_TO_MULT3
256,8,221,1,5,3,1,"(1,5,3,1)",B<C<A<D,FOLD,B,2,1,YES_TO_MULT3
256,8,223,5,1,1,5,"(5,1,1,5)",A<D<B<C,UP,A,3,0,YES_TO_MULT3
256,8,225,1,2,2,1,"(1,2,2,1)",B<A<C<D,FOLD,B,2,1,YES_TO_MULT3
256,8,227,2,1,1,2,"(2,1,1,2)",A<B<D<C,UP,A,3,0,YES_TO_MULT3
256,8,229,1,3,4,1,"(1,3,4,1)",B<C<A<D,FOLD,B,2,1,YES_TO_MULT3
256,8,231,3,1,1,3,"(3,1,1,3)",A<D<B<C,UP,A,3,0,YES_TO_MULT3
256,8,233,1,2,2,1,"(1,2,2,1)",B<A<C<D,FOLD,B,2,1,YES_TO_MULT3
256,8,235,2,1,1,2,"(2,1,1,2)",A<B<D<C,UP,A,3,0,YES_TO_MULT3
256,8,237,1,4,3,1,"(1,4,3,1)",B<C<A<D,FOLD,B,2,1,YES_TO_MULT3
256,8,239,4,1,1,4,"(4,1,1,4)",A<D<B<C,UP,A,3,0,YES_TO_MULT3
256,8,241,1,2,2,1,"(1,2,2,1)",B<A<C<D,FOLD,B,2,1,YES_TO_MULT3
256,8,243,2,1,1,2,"(2,1,1,2)",A<B<D<C,UP,A,3,0,YES_TO_MULT3
256,8,245,1,3,5,1,"(1,3,5,1)",C<B<A<D,FOLD,B,2,1,YES_TO_MULT3
256,8,247,3,1,1,3,"(3,1,1,3)",A<D<B<C,UP,A,3,0,YES_TO_MULT3
256,8,249,1,2,2,1,"(1,2,2,1)",B<A<C<D,FOLD,B,2,1,YES_TO_MULT3
256,8,251,2,1,1,2,"(2,1,1,2)",A<B<D<C,UP,A,3,0,YES_TO_MULT3
256,8,253,1,>=8,3,1,"(1,>=8,3,1)",VARIABLE_WITHIN_CYLINDER,FOLD,VARIABLE_WITHIN_CYLINDER,2,1,YES_TO_MULT3
256,8,255,>=8,1,1,>=8,"(>=8,1,1,>=8)",VARIABLE_WITHIN_CYLINDER,UP,VARIABLE_WITHIN_CYLINDER,3,0,YES_TO_MULT3
